name,stance,height_in,weight_lb,reach_in,date_of_birth,record,source_url
Julius Anglickas,,,,,,,
Karl Reed,,,,,,,
Collin Anglin,,,,,,,
Sean Woodson,,,,,,,
Melsik Baghdasaryan,,,,,,,
Muhammad Naimov,,,,,,,
Chad Anheliger,,,,,,,
Cody Gibson,,,,,,,
Charalampos Grigoriou,,,,,,,
Jose Johnson,,,,,,,
Alatengheili,,,,,,,
Jesse Strader,,,,,,,
Muin Gafurov,,,,,,,
Yoji Anjo,,,,,,,
Ryan Gracie,,,,,,,
Matt Lindland,,,,,,,
Murilo Bustamante,,,,,,,
David Abbott,,,,,,,
Magomed Ankalaev,,,,,,,
Aleksandar Rakic,,,,,,,
Johnny Walker,,,,,,,
Anthony Smith,,,,,,,
Thiago Santos,,,,,,,
Volkan Oezdemir,,,,,,,
Nikita Krylov,,,,,,,
Ion Cutelaba,,,,,,,
Dalcha Lungiambula,,,,,,,
Klidson Abreu,,,,,,,
Marcin Prachnio,,,,,,,
Paul Craig,,,,,,,
Gadzhimurad Antigulov,,,,,,,
Maxim Grishin,,,,,,,
Michal Oleksiejczuk,,,,,,,
Joachim Christensen,,,,,,,
Marcos Rogerio de Lima,,,,,,,
Adam Antolin,,,,,,,
Casey Kenney,,,,,,,
Ronald Carillo,,,,,,,
Javi Alanis,,,,,,,
Hugo Govea,,,,,,,
Angelo Antonio,,,,,,,
Mauricio Rua,,,,,,,
Vanilto Antunes,,,,,,,
Islam Dulatov,,,,,,,
Azunna Anyanwu,,,,,,,
Justin Ledet,,,,,,,
Greg Rebello,,,,,,,
Shinsho Anzai,,,,,,,
Jake Matthews,,,,,,,
Luke Jumeau,,,,,,,
Roger Zapata,,,,,,,
Alberto Mina,,,,,,,
Jin Aoi,,,,,,,
ChangMin Yoon,,,,,,,
Shinya Aoki,,,,,,,
Antonio McKee,,,,,,,
Rob McCullough,,,,,,,
Rich Clementi,,,,,,,
Lyle Beerbohm,,,,,,,
Yokthai Sithoar,,,,,,,
Marcus Aurelio,,,,,,,
Mizuto Hirota,,,,,,,
Vitor Ribeiro,,,,,,,
Hayato Sakurai,,,,,,,
David Gardner,,,,,,,
Eddie Alvarez,,,,,,,
Todd Moore,,,,,,,
Caol Uno,,,,,,,
Katsuhiko Nagata,,,,,,,
Gesias Cavalcante,,,,,,,
Bu-Kyung Jung,,,,,,,
Brian Lo-A-Njoe,,,,,,,
Akira Kikuchi,,,,,,,
Joachim Hansen,,,,,,,
Clay French,,,,,,,
George Sotiropoulos,,,,,,,
Jason Black,,,,,,,
Kuniyoshi Hironaka,,,,,,,
Keith Wisniewski,,,,,,,
Jutaro Nakao,,,,,,,
Aoriqileng,,,,,,,
Raul Rosas Jr.,,,,,,,
Daniel Marcos,,,,,,,
Johnny Munoz,,,,,,,
Aiemann Zahabi,,,,,,,
Jay Perrin,,,,,,,
Cameron Else,,,,,,,
Cody Durden,,,,,,,
Jeff Molina,,,,,,,
Josh Appelt,,,,,,,
Jeff Hughes,,,,,,,
Erik Apple,,,,,,,
Ryan Larson,,,,,,,
Bobby Voelker,,,,,,,
Brock Larson,,,,,,,
Kenji Arai,,,,,,,
Jens Pulver,,,,,,,
Romie Aram,,,,,,,
Dave Strasser,,,,,,,
Joe Stevenson,,,,,,,
Felipe Arantes,,,,,,,
Song Yadong,,,,,,,
Josh Emmett,,,,,,,
Erik Perez,,,,,,,
Jerrod Sanders,,,,,,,
Yves Jabouin,,,,,,,
Andre Fili,,,,,,,
Maximo Blanco,,,,,,,
Edimilson Souza,,,,,,,
Godofredo Pepey,,,,,,,
Milton Vieira,,,,,,,
Antonio Carvalho,,,,,,,
Iuri Alcantara,,,,,,,
Igor Araujo,,,,,,,
Sean Strickland,,,,,,,
George Sullivan,,,,,,,
Danny Mitchell,,,,,,,
Ildemar Alcantara,,,,,,,
Viviane Araujo,,,,,,,
Tracy Cortez,,,,,,,
Karine Silva,,,,,,,
Natalia Silva,,,,,,,
Jennifer Maia,,,,,,,
Amanda Ribas,,,,,,,
Alexa Grasso,,,,,,,
Andrea Lee,,,,,,,
Katlyn Cerminara,,,,,,,
Roxanne Modafferi,,,,,,,
Montana De La Rosa,,,,,,,
Jessica Eye,,,,,,,
Alexis Davis,,,,,,,
Talita Bernardo,,,,,,,
Julio Arce,,,,,,,
Herbert Burns,,,,,,,
Montel Jackson,,,,,,,
Daniel Santos,,,,,,,
Andre Ewell,,,,,,,
Hakeem Dawodu,,,,,,,
Julian Erosa,,,,,,,
Sheymon Moraes,,,,,,,
Daniel Teymur,,,,,,,
Dan Ige,,,,,,,
Peter Petties,,,,,,,
Alice Ardelean,,,,,,,
Montserrat Conejo Ruiz,,,,,,,
Rayanne dos Santos,,,,,,,
Melissa Martinez,,,,,,,
Shauna Bannon,,,,,,,
Tristan Arenal,,,,,,,
Tommy Petersen,,,,,,,
Dan Argueta,,,,,,,
Cody Haddon,,,,,,,
Jean Matsumoto,,,,,,,
Miles Johns,,,,,,,
Ronnie Lawrence,,,,,,,
Nick Aguirre,,,,,,,
Damon Jackson,,,,,,,
Hashem Arkhagha,,,,,,,
AJ Dobson,,,,,,,
Andrei Arlovski,,,,,,,
Martin Buday,,,,,,,
Waldo Cortes Acosta,,,,,,,
Don'Tale Mayes,,,,,,,
Jake Collier,,,,,,,
Jared Vanderaa,,,,,,,
Carlos Felipe,,,,,,,
Chase Sherman,,,,,,,
Tom Aspinall,,,,,,,
Tanner Boser,,,,,,,
Philipe Lins,,,,,,,
Jairzinho Rozenstruik,,,,,,,
Ben Rothwell,,,,,,,
Augusto Sakai,,,,,,,
Walt Harris,,,,,,,
Shamil Abdurakhimov,,,,,,,
Tai Tuivasa,,,,,,,
Stefan Struve,,,,,,,
Junior Albini,,,,,,,
Marcin Tybura,,,,,,,
Francis Ngannou,,,,,,,
Josh Barnett,,,,,,,
Alistair Overeem,,,,,,,
Stipe Miocic,,,,,,,
Frank Mir,,,,,,,
Travis Browne,,,,,,,
Antonio Silva,,,,,,,
Brendan Schaub,,,,,,,
Sergei Kharitonov,,,,,,,
Brett Rogers,,,,,,,
Fedor Emelianenko,,,,,,,
Roy Nelson,,,,,,,
Jake O'Brien,,,,,,,
Fabricio Werdum,,,,,,,
Marcio Cruz,,,,,,,
Wesley Correira,,,,,,,
Vladimir Matyushenko,,,,,,,
Ian Freeman,,,,,,,
Pedro Rizzo,,,,,,,
Ricco Rodriguez,,,,,,,
Aaron Brink,,,,,,,
Garrett Armfield,,,,,,,
Serhiy Sidey,,,,,,,
Brady Hiestand,,,,,,,
Brad Katona,,,,,,,
Toshiomi Kazama,,,,,,,
David Onama,,,,,,,
Joey Armstrong,,,,,,,
Sam Spengler,,,,,,,
Austin Arnett,,,,,,,
Shane Young,,,,,,,
Humberto Bandenay,,,,,,,
Cory Sandhagen,,,,,,,
Brandon Davis,,,,,,,
Ricardo Arona,,,,,,,
Rameau Thierry Sokoudjou,,,,,,,
Wanderlei Silva,,,,,,,
Kazushi Sakuraba,,,,,,,
Dean Lister,,,,,,,
Sergey Ignatov,,,,,,,
Quinton Jackson,,,,,,,
Murilo Rua,,,,,,,
Dan Henderson,,,,,,,
Guy Mezger,,,,,,,
Eli Aronov,,,,,,,
Zach Reese,,,,,,,
Chalid Arrab,,,,,,,
Kazuhiro Nakamura,,,,,,,
Rodney Faverus,,,,,,,
Akbarh Arreola,,,,,,,
Francisco Trinaldo,,,,,,,
Yves Edwards,,,,,,,
Tiago dos Santos e Silva,,,,,,,
Matt Arroyo,,,,,,,
Dan Cramer,,,,,,,
Matt Brown,,,,,,,
John Kolosci,,,,,,,
Antonio Arroyo,,,,,,,
Joaquin Buckley,,,,,,,
Deron Winn,,,,,,,
Andre Muniz,,,,,,,
Stephen Regman,,,,,,,
Diego Henrique da Silva,,,,,,,
Gilles Arsene,,,,,,,
Cesar Arzamendia,,,,,,,
Damien Brown,,,,,,,
Marco Polo Reyes,,,,,,,
Kai Asakura,,,,,,,
Tim Elliott,,,,,,,
Teddy Ash,,,,,,,
Dusko Todorovic,,,,,,,
Yanal Ashmouz,,,,,,,
Quillan Salkilld,,,,,,,
Trevor Peek,,,,,,,
Chris Duncan,,,,,,,
Sam Patterson,,,,,,,
Askar Askarov,,,,,,,
Kai Kara-France,,,,,,,
Joseph Benavidez,,,,,,,
Alexandre Pantoja,,,,,,,
Brandon Moreno,,,,,,,
Cyril Asker,,,,,,,
Hu Yaozong,,,,,,,
Dmitrii Smoliakov,,,,,,,
Jared Cannonier,,,,,,,
Khusein Askhabov,,,,,,,
Jamall Emmers,,,,,,,
Scott Askham,,,,,,,
Brad Scott,,,,,,,
Jack Hermansson,,,,,,,
Chris Dempsey,,,,,,,
Krzysztof Jotko,,,,,,,
Antonio Dos Santos,,,,,,,
Magnus Cedenblad,,,,,,,
Ben Askren,,,,,,,
Demian Maia,,,,,,,
Jorge Masvidal,,,,,,,
Robbie Lawler,,,,,,,
Ibo Aslan,,,,,,,
Iwo Baraniewski,,,,,,,
Billy Elekana,,,,,,,
Rafael Cerqueira,,,,,,,
Anton Turkalj,,,,,,,
Paulo Renato Junior,,,,,,,
Curtis Blaydes,,,,,,,
Alexander Volkov,,,,,,,
Serghei Spivac,,,,,,,
Alan Baudot,,,,,,,
Steven Asplund,,,,,,,
Sean Sharaf,,,,,,,
Anthony Guarascio,,,,,,,
Bruno Assis,,,,,,,
Junior Assuncao,,,,,,,
Ross Pearson,,,,,,,
Eddie Yagin,,,,,,,
Nate Diaz,,,,,,,
David Lee,,,,,,,
Kurt Pellegrino,,,,,,,
Raphael Assuncao,,,,,,,
Davey Grant,,,,,,,
Victor Henry,,,,,,,
Ricky Simon,,,,,,,
Cody Garbrandt,,,,,,,
Marlon Moraes,,,,,,,
Rob Font,,,,,,,
Matthew Lopez,,,,,,,
Aljamain Sterling,,,,,,,
TJ Dillashaw,,,,,,,
Bryan Caraway,,,,,,,
Pedro Munhoz,,,,,,,
Vaughan Lee,,,,,,,
Mike Easton,,,,,,,
Issei Tamura,,,,,,,
Johnny Eduardo,,,,,,,
Erik Koch,,,,,,,
LC Davis,,,,,,,
Diego Nunes,,,,,,,
Urijah Faber,,,,,,,
Jameel Massouh,,,,,,,
Michael Aswell Jr.,,,,,,,
Lucas Almeida,,,,,,,
Bolaji Oki,,,,,,,
Bogdan Grad,,,,,,,
Bazigit Atajev,,,,,,,
Rich Attonito,,,,,,,
Jake Hecht,,,,,,,
Daniel Roberts,,,,,,,
David Branch,,,,,,,
Rafael Natal,,,,,,,
Jamie Yager,,,,,,,
Olivier Aubin-Mercier,,,,,,,
Arman Tsarukyan,,,,,,,
Gilbert Burns,,,,,,,
Alexander Hernandez,,,,,,,
Evan Dunham,,,,,,,
Anthony Rocco Martin,,,,,,,
Drew Dober,,,,,,,
Thibault Gouti,,,,,,,
Diego Ferreira,,,,,,,
Tony Sims,,,,,,,
David Michaud,,,,,,,
Jake Lindsey,,,,,,,
Pat Audinwood,,,,,,,
John Makdessi,,,,,,,
Thiago Tavares,,,,,,,
Hermes Franca,,,,,,,
Tyson Griffin,,,,,,,
Ryan Roberts,,,,,,,
Luke Caudillo,,,,,,,
Clay Guida,,,,,,,
Mitsuhiro Ishida,,,,,,,
Takanori Gomi,,,,,,,
Daisuke Nakamura,,,,,,,
Dokonjonosuke Mishima,,,,,,,
David Avellan,,,,,,,
Aaron Simpson,,,,,,,
Blas Avena,,,,,,,
Jesse Lennox,,,,,,,
Dave Terrel,,,,,,,
Hiromitsu Miura,,,,,,,
Joe Benoit,,,,,,,
Tiki Ghosn,,,,,,,
Logan Clark,,,,,,,
Levi Avera,,,,,,,
Paul Bradley,,,,,,,
Anthony Avila,,,,,,,
Rafael Rios,,,,,,,
Chris Avila,,,,,,,
Enrique Barzola,,,,,,,
Artem Lobov,,,,,,,
Julia Avila,,,,,,,
Jacqueline Cavalcanti,,,,,,,
Miesha Tate,,,,,,,
Julija Stoliarenko,,,,,,,
Sijara Eubanks,,,,,,,
Gina Mazany,,,,,,,
Pannie Kianzad,,,,,,,
Saad Awad,,,,,,,
Joe Duarte,,,,,,,
Jessin Ayari,,,,,,,
Luigi Vendramini,,,,,,,
Stevie Ray,,,,,,,
Darren Till,,,,,,,
Jim Wallhead,,,,,,,
Abu Azaitar,,,,,,,
Sedriques Dumas,,,,,,,
Marc-Andre Barriault,,,,,,,
Vitor Miranda,,,,,,,
Ottman Azaitar,,,,,,,
Michael Johnson,,,,,,,
Francisco Prado,,,,,,,
Matt Frevola,,,,,,,
Khama Worthy,,,,,,,
Teemu Packalen,,,,,,,
Luiz Azeredo,,,,,,,
Tatsuya Kawajiri,,,,,,,
Naoyuki Kotani,,,,,,,
Luiz Firmino,,,,,,,
Anderson Silva,,,,,,,
Luciano Azevedo,,,,,,,
Hunter Azure,,,,,,,
Jack Shore,,,,,,,
Cole Smith,,,,,,,
Brian Kelleher,,,,,,,
Christian Ocon,,,,,,,
Niklas Backstrom,,,,,,,
Noad Lahat,,,,,,,
Mike Wilkinson,,,,,,,
Tom Niinimaki,,,,,,,
Seth Baczynski,,,,,,,
Leon Edwards,,,,,,,
Alan Jouban,,,,,,,
Thiago Alves,,,,,,,
Neil Magny,,,,,,,
Brian Melancon,,,,,,,
Mike Pierce,,,,,,,
Simeon Thoresen,,,,,,,
Lance Benoist,,,,,,,
Clay Harvison,,,,,,,
Brad Tavares,,,,,,,
Ryan Bader,,,,,,,
Rogerio Nogueira,,,,,,,
Ilir Latifi,,,,,,,
Anthony Johnson,,,,,,,
Rashad Evans,,,,,,,
Phil Davis,,,,,,,
Ovince Saint Preux,,,,,,,
Rafael Cavalcante,,,,,,,
Anthony Perosh,,,,,,,
Glover Teixeira,,,,,,,
Lyoto Machida,,,,,,,
Jason Brilz,,,,,,,
Tito Ortiz,,,,,,,
Jon Jones,,,,,,,
Keith Jardine,,,,,,,
Eric Schafer,,,,,,,
Carmelo Marrero,,,,,,,
Izabela Badurek,,,,,,,
Aleksandra Albu,,,,,,,
Miguel Baeza,,,,,,,
Punahele Soriano,,,,,,,
Andre Fialho,,,,,,,
Khaos Williams,,,,,,,
Santiago Ponzinibbio,,,,,,,
Takashi Sato,,,,,,,
Hector Aldana,,,,,,,
Victor Reyna,,,,,,,
Ali Bagautinov,,,,,,,
Kyoji Horiguchi,,,,,,,
Geane Herrera,,,,,,,
John Lineker,,,,,,,
Marcos Vinicius,,,,,,,
Mehdi Baghdad,,,,,,,
Chris Wade,,,,,,,
Jean Silva,,,,,,,
Tucker Lutz,,,,,,,
Josh Culibao,,,,,,,
Bruno Souza,,,,,,,
Dennis Buzukja,,,,,,,
Siyar Bahadurzada,,,,,,,
Ismail Naurdiev,,,,,,,
Curtis Millender,,,,,,,
Luan Chagas,,,,,,,
Rob Wilkinson,,,,,,,
Brandon Thatch,,,,,,,
John Howard,,,,,,,
Dong Hyun Kim,,,,,,,
Paulo Thiago,,,,,,,
Ignacio Bahamondes,,,,,,,
Rafael Fiziev,,,,,,,
Jalin Turner,,,,,,,
Manuel Torres,,,,,,,
Christos Giagos,,,,,,,
Ludovit Klein,,,,,,,
Trey Ogden,,,,,,,
Rongzhu,,,,,,,
Roosevelt Roberts,,,,,,,
Edson Gomez,,,,,,,
Bahatebole Batebolati,,,,,,,
HanSeul Kim,,,,,,,
WonBin Ki,,,,,,,
Shamar Bailey,,,,,,,
Danny Castillo,,,,,,,
Ryan McGillivray,,,,,,,
Justin Wilcox,,,,,,,
Scott Baker,,,,,,,
Jason DeLucia,,,,,,,
Bryan Baker,,,,,,,
Chael Sonnen,,,,,,,
Eric Schambari,,,,,,,
Jesse Forbes,,,,,,,
Balajin,,,,,,,
Keisuke Sasu,,,,,,,
Oluwale Bamgbose,,,,,,,
Alessio Di Chirico,,,,,,,
Paulo Costa,,,,,,,
Cezar Ferreira,,,,,,,
Daniel Sarafian,,,,,,,
Uriah Hall,,,,,,,
Marcin Bandel,,,,,,,
Mairbek Taisumov,,,,,,,
Eduardo Garagorri,,,,,,,
Gabriel Benitez,,,,,,,
Martin Bravo,,,,,,,
Tae Hyun Bang,,,,,,,
Nick Hein,,,,,,,
Leo Kuntz,,,,,,,
Jon Tuck,,,,,,,
Kajan Johnson,,,,,,,
Yohan Banks,,,,,,,
Michael Diaz,,,,,,,
Joey Beltran,,,,,,,
Sam Hughes,,,,,,,
Puja Tomar,,,,,,,
Bruna Brasil,,,,,,,
Antonio Banuelos,,,,,,,
Masakazu Imanari,,,,,,,
Hideo Tokoro,,,,,,,
Miguel Torres,,,,,,,
Chad George,,,,,,,
Scott Jorgensen,,,,,,,
Kenji Osawa,,,,,,,
Manny Tapia,,,,,,,
Justin Robbins,,,,,,,
Charlie Valencia,,,,,,,
Mike French,,,,,,,
Cole Escovedo,,,,,,,
Mahamed Aly,,,,,,,
Renan Barao,,,,,,,
Douglas Silva de Andrade,,,,,,,
Luke Sanders,,,,,,,
Phillipe Nover,,,,,,,
Jeremy Stephens,,,,,,,
Mitch Gagnon,,,,,,,
Brad Pickett,,,,,,,
Chris Cariaso,,,,,,,
Anthony Leone,,,,,,,
Junior Barata,,,,,,,
Paul Daley,,,,,,,
Maycee Barber,,,,,,,
Miranda Maverick,,,,,,,
Gillian Robertson,,,,,,,
JJ Aldrich,,,,,,,
Hannah Cifers,,,,,,,
Jamie Colleen,,,,,,,
Bryan Barberena,,,,,,,
Gerald Meerschaert,,,,,,,
Makhmud Muradov,,,,,,,
Gunnar Nelson,,,,,,,
Rafael Dos Anjos,,,,,,,
Darian Weeks,,,,,,,
Jason Witt,,,,,,,
Anthony Ivy,,,,,,,
Randy Brown,,,,,,,
Vicente Luque,,,,,,,
Jake Ellenberger,,,,,,,
Joe Proctor,,,,,,,
Colby Covington,,,,,,,
Warlley Alves,,,,,,,
Sage Northcutt,,,,,,,
Chad Laprise,,,,,,,
Joe Ellenberger,,,,,,,
Djani Barbir,,,,,,,
Mantas Kondratavicius,,,,,,,
Dione Barbosa,,,,,,,
Diana Belbita,,,,,,,
Ernesta Kareckaite,,,,,,,
Rainn Guerrero,,,,,,,
Marcio Barbosa,,,,,,,
Damon Wilson,,,,,,,
Edson Barboza,,,,,,,
Drakkar Klose,,,,,,,
Lerone Murphy,,,,,,,
Sodiq Yusuff,,,,,,,
Billy Quarantillo,,,,,,,
Bryce Mitchell,,,,,,,
Giga Chikadze,,,,,,,
Shane Burgos,,,,,,,
Makwan Amirkhani,,,,,,,
Paul Felder,,,,,,,
Justin Gaethje,,,,,,,
Dan Hooker,,,,,,,
Kevin Lee,,,,,,,
Khabib Nurmagomedov,,,,,,,
Beneil Dariush,,,,,,,
Gilbert Melendez,,,,,,,
Anthony Pettis,,,,,,,
Tony Ferguson,,,,,,,
King Green,,,,,,,
Donald Cerrone,,,,,,,
Rafaello Oliveira,,,,,,,
Lucas Martins,,,,,,,
Jamie Varner,,,,,,,
Terry Etim,,,,,,,
Anthony Njokuani,,,,,,,
Mike Lullo,,,,,,,
Raoni Barcelos,,,,,,,
Payton Talbott,,,,,,,
Cristian Quinonez,,,,,,,
Kyler Phillips,,,,,,,
Umar Nurmagomedov,,,,,,,
Trevin Jones,,,,,,,
Timur Valiev,,,,,,,
Khalid Taha,,,,,,,
Said Nurmagomedov,,,,,,,
Carlos Huachin,,,,,,,
Chris Gutierrez,,,,,,,
Kurt Holobaugh,,,,,,,
Daniel Barez,,,,,,,
Andre Lima,,,,,,,
Victor Altamirano,,,,,,,
Jafel Filho,,,,,,,
Carlos Hernandez,,,,,,,
Danny Barlow,,,,,,,
Djorden Santos,,,,,,,
Nikolay Veretennikov,,,,,,,
Josh Quinlan,,,,,,,
Raheam Forest,,,,,,,
Luke Barnatt,,,,,,,
Mark Munoz,,,,,,,
Roger Narvaez,,,,,,,
Mats Nilsson,,,,,,,
Andrew Craig,,,,,,,
Collin Hart,,,,,,,
James Barnes,,,,,,,
Pedro Falcao,,,,,,,
Shonte Barnes,,,,,,,
Joseph Holmes,,,,,,,
Nandor Guelmino,,,,,,,
Geronimo dos Santos,,,,,,,
Siala Siliga,,,,,,,
Gilbert Yvel,,,,,,,
Jeff Monson,,,,,,,
Hidehiko Yoshida,,,,,,,
Antonio Rodrigo Nogueira,,,,,,,
Pawel Nastula,,,,,,,
Mark Hunt,,,,,,,
Aleksander Emelianenko,,,,,,,
Mirko Filipovic,,,,,,,
Bobby Hoffman,,,,,,,
Semmy Schilt,,,,,,,
Gan McGee,,,,,,,
Chris Barnett,,,,,,,
Hamdy Abdelwahab,,,,,,,
Kennedy Nzechukwu,,,,,,,
Gian Villante,,,,,,,
Chris Barnhizer,,,,,,,
Karl Willis,,,,,,,
David Baron,,,,,,,
Jim Miller,,,,,,,
Phil Baroni,,,,,,,
Amir Sadollah,,,,,,,
Joe Riggs,,,,,,,
Joey Villasenor,,,,,,,
Yosuke Nishijima,,,,,,,
Kazuo Misaki,,,,,,,
Yuki Kondo,,,,,,,
Ikuhisa Minowa,,,,,,,
Ryo Chonan,,,,,,,
Pete Sell,,,,,,,
Evan Tanner,,,,,,,
Dave Menne,,,,,,,
Amar Suloev,,,,,,,
Curtis Stout,,,,,,,
Dan Barrera,,,,,,,
Ben Saunders,,,,,,,
Carlos Barreto,,,,,,,
Tra Telligman,,,,,,,
Igor Vovchanchyn,,,,,,,
Dave Beneteau,,,,,,,
Jose Barreto,,,,,,,
Peter Barrett,,,,,,,
Chase Hooper,,,,,,,
Youssef Zalal,,,,,,,
SangHoon Yoo,,,,,,,
Shara Magomedov,,,,,,,
Bruno Silva,,,,,,,
Dustin Stoltzfus,,,,,,,
Joe Pyfer,,,,,,,
Chris Curtis,,,,,,,
Eryk Anders,,,,,,,
Julian Marquez,,,,,,,
Anthony Hernandez,,,,,,,
Jordan Wright,,,,,,,
Chidi Njokuani,,,,,,,
Oskar Piechota,,,,,,,
JunYong Park,,,,,,,
Andrew Sanchez,,,,,,,
David Barrios,,,,,,,
Anthony Figueroa,,,,,,,
Alexandre Barros,,,,,,,
Martin Kampmann,,,,,,,
Ricardo Barros,,,,,,,
Francimar Barroso,,,,,,,
Darren Stewart,,,,,,,
Elvis Mutapcic,,,,,,,
Ryan Jimmo,,,,,,,
Hans Stringer,,,,,,,
Ednaldo Oliveira,,,,,,,
Pat Barry,,,,,,,
Soa Palelei,,,,,,,
Shawn Jordan,,,,,,,
Shane del Rosario,,,,,,,
Lavar Johnson,,,,,,,
Christian Morecraft,,,,,,,
Cheick Kongo,,,,,,,
Antoni Hardonk,,,,,,,
Tim Hague,,,,,,,
Dan Evensen,,,,,,,
Dean Barry,,,,,,,
Mike Jackson,,,,,,,
Rani Yahya,,,,,,,
Movsar Evloev,,,,,,,
Bobby Moffett,,,,,,,
Kevin Aguilar,,,,,,,
Matt Bessette,,,,,,,
Kyle Bochniak,,,,,,,
Javid Basharat,,,,,,,
Mateus Mendonca,,,,,,,
Tony Gravely,,,,,,,
Oron Kahlon,,,,,,,
Farid Basharat,,,,,,,
Victor Hugo,,,,,,,
Taylor Lapilus,,,,,,,
Kleydson Rodrigues,,,,,,,
Da'Mon Blackshear,,,,,,,
Allan Begosso,,,,,,,
Austin Bashi,,,,,,,
John Yannis,,,,,,,
Christian Rodriguez,,,,,,,
Dorian Ramos,,,,,,,
Stephen Bass,,,,,,,
Marcus Brimage,,,,,,,
Sean Bassett,,,,,,,
David Smith,,,,,,,
Chris Amarante,,,,,,,
Ryan Bastianelli,,,,,,,
Hussain Rasouli,,,,,,,
Shayna Baszler,,,,,,,
Amanda Nunes,,,,,,,
Bethe Correia,,,,,,,
Sara McMann,,,,,,,
Sarah Kaufman,,,,,,,
Cristiane Justino,,,,,,,
Namsrai Batbayar,,,,,,,
Agulali,,,,,,,
Wataru Yamauchi,,,,,,,
Michel Batista,,,,,,,
Maurice Greene,,,,,,,
Bryan Battle,,,,,,,
Kevin Jousset,,,,,,,
Ange Loosa,,,,,,,
AJ Fletcher,,,,,,,
Gabe Green,,,,,,,
Rinat Fakhretdinov,,,,,,,
Tresean Gore,,,,,,,
Gilbert Urbina,,,,,,,
Josh Parisian,,,,,,,
Parker Porter,,,,,,,
Rodrigo Nascimento,,,,,,,
Mario Bautista,,,,,,,
Patchy Mix,,,,,,,
Jose Aldo,,,,,,,
Guido Cannetti,,,,,,,
Benito Lopez,,,,,,,
Jin Soo Son,,,,,,,
Chris Beal,,,,,,,
Joe Soto,,,,,,,
Chris Kelades,,,,,,,
Neil Seery,,,,,,,
Tateki Matsuda,,,,,,,
Patrick Williams,,,,,,,
Donovan Beard,,,,,,,
Bo Nickal,,,,,,,
Rudy Bears,,,,,,,
Tyron Woodley,,,,,,,
Ariel Beck,,,,,,,
Shana Dobson,,,,,,,
Jack Becker,,,,,,,
JaeHyun Park,,,,,,,
Jeff Bedard,,,,,,,
Johnny Bedford,,,,,,,
Louis Gaudinot,,,,,,,
Rolando Bedoya,,,,,,,
Jamie Mullarkey,,,,,,,
Jai Herbert,,,,,,,
Song Kenan,,,,,,,
Chase Beebe,,,,,,,
Hiroyuki Takaya,,,,,,,
Yoshiro Maeda,,,,,,,
Joe Warren,,,,,,,
Will Ribeiro,,,,,,,
Pat Healy,,,,,,,
Duane Ludwig,,,,,,,
Ray Perales,,,,,,,
Azamat Bekoev,,,,,,,
Yousri Belgaroui,,,,,,,
Ryan Loder,,,,,,,
Mirsad Bektic,,,,,,,
Ricardo Lamas,,,,,,,
Darren Elkins,,,,,,,
Russell Doane,,,,,,,
Paul Redmond,,,,,,,
Chas Skelly,,,,,,,
Molly McCann,,,,,,,
Karolina Kowalkiewicz,,,,,,,
Maria Oliveira,,,,,,,
Gloria de Paula,,,,,,,
Hannah Goldy,,,,,,,
Liana Jojua,,,,,,,
Alan Belcher,,,,,,,
Michael Bisping,,,,,,,
Yushin Okami,,,,,,,
Rousimar Palhares,,,,,,,
Jason MacDonald,,,,,,,
Patrick Cote,,,,,,,
Wilson Gouveia,,,,,,,
Yoshihiro Akiyama,,,,,,,
Denis Kang,,,,,,,
Ed Herman,,,,,,,
Jason Day,,,,,,,
Kalib Starnes,,,,,,,
Sean Salmon,,,,,,,
Kendall Grove,,,,,,,
Jorge Santiago,,,,,,,
Vitor Belfort,,,,,,,
Nate Marquardt,,,,,,,
Kelvin Gastelum,,,,,,,
Gegard Mousasi,,,,,,,
Jacare Souza,,,,,,,
Luke Rockhold,,,,,,,
Rich Franklin,,,,,,,
Terry Martin,,,,,,,
James Zikic,,,,,,,
Ivan Serati,,,,,,,
Yoshiki Takahashi,,,,,,,
Marvin Eastman,,,,,,,
Chuck Liddell,,,,,,,
Heath Herring,,,,,,,
Bobby Southworth,,,,,,,
Daijiro Matsui,,,,,,,
Joe Charles,,,,,,,
Randy Couture,,,,,,,
Scott Ferrozzo,,,,,,,
Taiga Iwasaki,,,,,,,
Marco Tulio,,,,,,,
Rodolfo Bellato,,,,,,,
Navajo Stirling,,,,,,,
Jimmy Crute,,,,,,,
Ihor Potieria,,,,,,,
Murtaza Talha,,,,,,,
Vitor Petrino,,,,,,,
Danilo Belluardo,,,,,,,
Mark Madsen,,,,,,,
Joel Alvarez,,,,,,,
Fabio Maldonado,,,,,,,
Igor Pokrajac,,,,,,,
James Te Huna,,,,,,,
Aaron Rosa,,,,,,,
Matt Mitrione,,,,,,,
Rolles Gracie,,,,,,,
Marco Beltran,,,,,,,
Matt Schnell,,,,,,,
Deiveson Figueiredo,,,,,,,
Reginaldo Vieira,,,,,,,
Guangyou Ning,,,,,,,
Marlon Vera,,,,,,,
Jussier Formiga,,,,,,,
Dustin Ortiz,,,,,,,
Alex Perez,,,,,,,
Sergio Pettis,,,,,,,
Henry Cejudo,,,,,,,
Zach Makovsky,,,,,,,
John Moraga,,,,,,,
Darren Uyenoyama,,,,,,,
Ian McCall,,,,,,,
Yasuhiro Urushitani,,,,,,,
Eddie Wineland,,,,,,,
Ian Loveland,,,,,,,
Wagnney Fabiano,,,,,,,
Dominick Cruz,,,,,,,
Jeff Curran,,,,,,,
Danny Martinez,,,,,,,
Junya Kudo,,,,,,,
Mike Bencic,,,,,,,
Mario Sperry,,,,,,,
Oleg Taktarov,,,,,,,
Todd Medina,,,,,,,
Asbel Cancio,,,,,,,
Karla Benitez,,,,,,,
Megumi Fujii,,,,,,,
Maheshate,,,,,,,
Charlie Ontiveros,,,,,,,
Justin Jaynes,,,,,,,
Omar Morales,,,,,,,
Jason Knight,,,,,,,
Sam Sicilia,,,,,,,
Clay Collard,,,,,,,
Humberto Brown Morrison,,,,,,,
Charles Bennett,,,,,,,
KJ Noons,,,,,,,
Ken Kaneko,,,,,,,
Josh Bennett,,,,,,,
Mychal Clark,,,,,,,
DeAnna Bennett,,,,,,,
Melinda Fabian,,,,,,,
Benjamin Bennett,,,,,,,
Joey Hart,,,,,,,
Sean Pierson,,,,,,,
Matthew Riddle,,,,,,,
Ryan Benoit,,,,,,,
Zarrukh Adashev,,,,,,,
Ashkan Mokhtarian,,,,,,,
Fredy Serrano,,,,,,,
Ben Nguyen,,,,,,,
Josh Sampo,,,,,,,
Pat Benson,,,,,,,
Dave Cochran,,,,,,,
Len Bentley,,,,,,,
Marques Daniels,,,,,,,
Steve Berger,,,,,,,
Eddy Ellis,,,,,,,
Benji Radach,,,,,,,
Tony DeSouza,,,,,,,
Kenneth Bergh,,,,,,,
Antonio Trocoli,,,,,,,
Bret Bergmark,,,,,,,
Vagner Rocha,,,,,,,
Mike Pyle,,,,,,,
Keith Berish,,,,,,,
Ryan Janes,,,,,,,
Robert Drysdale,,,,,,,
Dennis Bermudez,,,,,,,
Te Edwards,,,,,,,
Ricky Glenn,,,,,,,
Chan Sung Jung,,,,,,,
Rony Jason,,,,,,,
Jimy Hettes,,,,,,,
Steven Siler,,,,,,,
Max Holloway,,,,,,,
Matt Grice,,,,,,,
Tommy Hayden,,,,,,,
Pablo Garza,,,,,,,
Manny Bermudez,,,,,,,
Charles Rosa,,,,,,,
Albert Morales,,,,,,,
Sarah Moras,,,,,,,
Irene Aldana,,,,,,,
Marion Reneau,,,,,,,
Dave Berry,,,,,,,
Roberto Traven,,,,,,,
Keith Berry,,,,,,,
Adlan Amagov,,,,,,,
Trevor Smith,,,,,,,
Dieusel Berto,,,,,,,
Geza Kalman,,,,,,,
Edson Berto,,,,,,,
Victor Valenzuela,,,,,,,
Allen Berube,,,,,,,
Leonard Garcia,,,,,,,
Anton Berzin,,,,,,,
Scott Bessac,,,,,,,
David Hood,,,,,,,
Steven Peterson,,,,,,,
Khadzhi Bestaev,,,,,,,
Phil Hawes,,,,,,,
Fernando Bettega,,,,,,,
Wayne Phillips,,,,,,,
Arjan Bhullar,,,,,,,
Juan Adams,,,,,,,
Marcelo Golm,,,,,,,
Adam Wieczorek,,,,,,,
Luis Henrique,,,,,,,
KB Bhullar,,,,,,,
Andreas Michailidis,,,,,,,
Tom Breese,,,,,,,
Bibulatov Magomed,,,,,,,
Rogerio Bontorin,,,,,,,
Jenel Lausa,,,,,,,
David Bielkheden,,,,,,,
Mark Bocek,,,,,,,
Jess Liaudin,,,,,,,
Diego Sanchez,,,,,,,
Blake Bilder,,,,,,,
JeongYeong Lee,,,,,,,
Kyle Nelson,,,,,,,
Alexander Morgan,,,,,,,
Jonas Bilharinho,,,,,,,
Canaan Kawaihae,,,,,,,
Jeremiah Billington,,,,,,,
Brian Stann,,,,,,,
Anthony Birchak,,,,,,,
Gustavo Lopez,,,,,,,
Dileno Lopes,,,,,,,
Thomas Almeida,,,,,,,
Ian Entwistle,,,,,,,
Chris Birchler,,,,,,,
Angad Bisht,,,,,,,
DongHun Choi,,,,,,,
John Dave Almanza,,,,,,,
Thales Leites,,,,,,,
CB Dollaway,,,,,,,
Cung Le,,,,,,,
Tim Kennedy,,,,,,,
Jason Miller,,,,,,,
Jorge Rivera,,,,,,,
Dan Miller,,,,,,,
Chris Leben,,,,,,,
Charles McCarthy,,,,,,,
Matt Hamill,,,,,,,
Elvis Sinosic,,,,,,,
Ross Pointon,,,,,,,
Jakob Lovstad,,,,,,,
Miika Mehmet,,,,,,,
Amaury Bitetti,,,,,,,
Alex Andrade,,,,,,,
Don Frye,,,,,,,
Caio Bittencourt,,,,,,,
Albert Duraev,,,,,,,
Davi Bittencourt,,,,,,,
Lucas Rocha,,,,,,,
Jan Blachowicz,,,,,,,
Bogdan Guskov,,,,,,,
Carlos Ulberg,,,,,,,
Alex Pereira,,,,,,,
Corey Anderson,,,,,,,
Jimi Manuwa,,,,,,,
Devin Clark,,,,,,,
Patrick Cummins,,,,,,,
Alexander Gustafsson,,,,,,,
Won Jin Eoh,,,,,,,
Chad W. Saunders,,,,,,,
Brad Blackburn,,,,,,,
DaMarques Johnson,,,,,,,
Edgar Garcia,,,,,,,
James Giboo,,,,,,,
Jason Blackford,,,,,,,
Jeremy Boczulak,,,,,,,
Tom Blackledge,,,,,,,
Sherrard Blackledge,,,,,,,
Cameron Church,,,,,,,
Cody Stamann,,,,,,,
Luan Lacerda,,,,,,,
Chasen Blair,,,,,,,
Samuel Sanches,,,,,,,
Kody Steele,,,,,,,
Erin Blanchfield,,,,,,,
Rose Namajunas,,,,,,,
Manon Fiorot,,,,,,,
Taila Santos,,,,,,,
Jessica Andrade,,,,,,,
Sarah Alpar,,,,,,,
Mike de la Torre,,,,,,,
Andy Ogle,,,,,,,
Akira Corassani,,,,,,,
Rizvan Kuniev,,,,,,,
Jailton Almeida,,,,,,,
Sergei Pavlovich,,,,,,,
Chris Daukaus,,,,,,,
Derrick Lewis,,,,,,,
Junior Dos Santos,,,,,,,
Justin Willis,,,,,,,
Aleksei Oleinik,,,,,,,
Daniel Omielanczuk,,,,,,,
Adam Milstead,,,,,,,
Cody East,,,,,,,
Tereza Bleda,,,,,,,
Jamey-Lyn Horth,,,,,,,
Gabriella Fernandes,,,,,,,
Nayara Maia,,,,,,,
Byron Bloodworth,,,,,,,
Dashawn Boatwright,,,,,,,
Alonzo Menifield,,,,,,,
Dan Bobish,,,,,,,
Gary Goodridge,,,,,,,
Brian Johnston,,,,,,,
John Alessio,,,,,,,
Nik Lentz,,,,,,,
Benson Henderson,,,,,,,
Dustin Hazelett,,,,,,,
Joe Brammer,,,,,,,
Alvin Robinson,,,,,,,
Mac Danzig,,,,,,,
Doug Evans,,,,,,,
Frankie Edgar,,,,,,,
Zabit Magomedsharipov,,,,,,,
Jeremy Kennedy,,,,,,,
James Bochnovic,,,,,,,
Markus Perez,,,,,,,
Trevin Giles,,,,,,,
Tim Boetsch,,,,,,,
Omari Akhmedov,,,,,,,
Antonio Carlos Junior,,,,,,,
Johny Hendricks,,,,,,,
Josh Samman,,,,,,,
Constantinos Philippou,,,,,,,
Hector Lombard,,,,,,,
Nick Ring,,,,,,,
Todd Brown,,,,,,,
Michael Patt,,,,,,,
David Heath,,,,,,,
Galore Bofando,,,,,,,
Charlie Ward,,,,,,,
Roman Bogatov,,,,,,,
Leonardo Santos,,,,,,,
Jerry Bohlander,,,,,,,
Kevin Jackson,,,,,,,
Nick Sanzo,,,,,,,
Rainy Martinez,,,,,,,
Fabio Gurgel,,,,,,,
Mandy Bohm,,,,,,,
Ji Yeon Kim,,,,,,,
Victoria Leonardo,,,,,,,
Ariane da Silva,,,,,,,
Kotetsu Boku,,,,,,,
Gaston Bolanos,,,,,,,
Quang Le,,,,,,,
Cortavious Romious,,,,,,,
Marcus McGhee,,,,,,,
Aaron Phillips,,,,,,,
Denys Bondar,,,,,,,
Ronaldo Rodriguez,,,,,,,
Malcolm Gordon,,,,,,,
Tony Bonello,,,,,,,
Gabriel Bonfim,,,,,,,
Stephen Thompson,,,,,,,
Nicolas Dalby,,,,,,,
Mounir Lazzez,,,,,,,
Trey Waters,,,,,,,
Ismael Bonfim,,,,,,,
Chris Padilla,,,,,,,
Nazim Sadykhov,,,,,,,
Vinc Pichel,,,,,,,
Benoit Saint Denis,,,,,,,
Terrance McKinney,,,,,,,
Nariman Abbasov,,,,,,,
Jesse Bongfeldt,,,,,,,
Chris Weidman,,,,,,,
Stephan Bonnar,,,,,,,
Kyle Kingsbury,,,,,,,
Krzysztof Soszynski,,,,,,,
Mark Coleman,,,,,,,
Mike Nickels,,,,,,,
Forrest Griffin,,,,,,,
James Irvin,,,,,,,
Sam Hoger,,,,,,,
Brandon Royval,,,,,,,
Ray Borg,,,,,,,
Raulian Paiva,,,,,,,
Gustavo Gabriel,,,,,,,
Gabriel Silva,,,,,,,
Louis Smolka,,,,,,,
Justin Scoggins,,,,,,,
Shane Howell,,,,,,,
Igor Borisov,,,,,,,
Mark Kerr,,,,,,,
Kevin Borjas,,,,,,,
Sumudaerji,,,,,,,
Alessandro Costa,,,,,,,
Joshua Van,,,,,,,
Victor Dias,,,,,,,
Caio Borralho,,,,,,,
Nassourdine Imavov,,,,,,,
Abus Magomedov,,,,,,,
Armen Petrosyan,,,,,,,
Gadzhi Omargadzhiev,,,,,,,
Jesse Murray,,,,,,,
Aaron Jeffery,,,,,,,
Zachary Borrego,,,,,,,
Viacheslav Borshchev,,,,,,,
Matheus Camilo,,,,,,,
Tom Nolan,,,,,,,
James Llontop,,,,,,,
Mike Davis,,,,,,,
Marc Diakiese,,,,,,,
Dakota Bush,,,,,,,
Aleksa Camur,,,,,,,
Raphael Pessoa,,,,,,,
Ciryl Gane,,,,,,,
Daniel Spitz,,,,,,,
Steve Bosse,,,,,,,
Sean O'Connell,,,,,,,
Marcus Bossett,,,,,,,
Steve Nelmark,,,,,,,
Dan Severn,,,,,,,
Eldo Xavier Dias,,,,,,,
Chris Bostick,,,,,,,
Jorge Interiano,,,,,,,
Poliana Botelho,,,,,,,
Luana Carolina,,,,,,,
Lauren Mueller,,,,,,,
Cynthia Calvillo,,,,,,,
Syuri Kondo,,,,,,,
Pearl Gonzalez,,,,,,,
Francois Botha,,,,,,,
Ilian Bouafia,,,,,,,
Neemias Santana,,,,,,,
Gregory Bouchelaghem,,,,,,,
Paulo Filho,,,,,,,
Rich Bouphanouvong,,,,,,,
Michael Chandler,,,,,,,
Mike Bourke,,,,,,,
Alexander Otsuka,,,,,,,
Jess Bouscal,,,,,,,
Luis Mendoza,,,,,,,
Tai Bowden,,,,,,,
Jack Nilson,,,,,,,
Melton Bowen,,,,,,,
Steve Jennum,,,,,,,
Kyron Bowen,,,,,,,
Collin Huckbody,,,,,,,
Brian Bowles,,,,,,,
George Roop,,,,,,,
Takeya Mizugaki,,,,,,,
Damacio Page,,,,,,,
Marcos Galvao,,,,,,,
Roger Bowling,,,,,,,
Abel Trujillo,,,,,,,
Tarec Saffiedine,,,,,,,
Brandon Saling,,,,,,,
Jerron Peoples,,,,,,,
Josh Thornburg,,,,,,,
Ashe Bowman,,,,,,,
Josh Thomson,,,,,,,
Anvar Boynazarov,,,,,,,
Erik Silva,,,,,,,
Colley Bradford,,,,,,,
Trevor Harris,,,,,,,
Kyle Bradley,,,,,,,
Joe Lauzon,,,,,,,
Chris Lytle,,,,,,,
Sean Brady,,,,,,,
Michael Morales,,,,,,,
Belal Muhammad,,,,,,,
Michael Chiesa,,,,,,,
Christian Aguilera,,,,,,,
Court McGee,,,,,,,
Ebenezer Fontes Braga,,,,,,,
Akira Shoji,,,,,,,
Jeremy Horn,,,,,,,
Ramiz Brahimaj,,,,,,,
Austin Vanderford,,,,,,,
Billy Ray Goff,,,,,,,
Mickey Gall,,,,,,,
Themba Gorimbo,,,,,,,
Micheal Gillmore,,,,,,,
Sasha Palatnikov,,,,,,,
Max Griffin,,,,,,,
Adam Bramhald,,,,,,,
Malcolm Wellmaker,,,,,,,
Aaron Riley,,,,,,,
Tomasz Drwal,,,,,,,
Gerald Harris,,,,,,,
Billy Brand,,,,,,,
Diego Brandao,,,,,,,
Brian Ortega,,,,,,,
Katsunori Kikuno,,,,,,,
Conor McGregor,,,,,,,
Dustin Poirier,,,,,,,
Daniel Pineda,,,,,,,
Joey Gambino,,,,,,,
Shi Ming,,,,,,,
Wang Cong,,,,,,,
Loma Lookboonmee,,,,,,,
Denise Gomes,,,,,,,
Marnic Mann,,,,,,,
Michael Bravo,,,,,,,
Estevan Payan,,,,,,,
Alex Caceres,,,,,,,
Mike Breeden,,,,,,,
Anshul Jubli,,,,,,,
Natan Levy,,,,,,,
Anthony Romero,,,,,,,
Brendan Allen,,,,,,,
Daniel Kelly,,,,,,,
Keita Nakamura,,,,,,,
Cathal Pendred,,,,,,,
Luiz Dutra,,,,,,,
Elves Brener,,,,,,,
Esteban Ribovics,,,,,,,
Myktybek Orolbai,,,,,,,
Kaynan Kruschewsky,,,,,,,
Guram Kutateladze,,,,,,,
Zubaira Tukhugov,,,,,,,
Chris Brennan,,,,,,,
Daiju Takase,,,,,,,
Eiji Mitsuoka,,,,,,,
Gil Castillo,,,,,,,
Pat Miletich,,,,,,,
Courtney Turner,,,,,,,
Charlie Brenneman,,,,,,,
Leandro Silva,,,,,,,
Kyle Noke,,,,,,,
Erick Silva,,,,,,,
Rick Story,,,,,,,
Amilcar Alves,,,,,,,
Jason High,,,,,,,
Robert Breslin,,,,,,,
Poppies Martinez,,,,,,,
Andrew Martinez,,,,,,,
Mack Brewer,,,,,,,
Marcos Brigagao,,,,,,,
Jamal Pogues,,,,,,,
Eliot Marshall,,,,,,,
Brad Morris,,,,,,,
Jimmie Rivera,,,,,,,
Jumabieke Tuerxun,,,,,,,
Valentijn Overeem,,,,,,,
Henry Briones,,,,,,,
Frankie Saenz,,,,,,,
Marcelo Brito,,,,,,,
Joanderson Brito,,,,,,,
Isaac Thomson,,,,,,,
Pat Sabatini,,,,,,,
William Gomis,,,,,,,
Jonathan Pearce,,,,,,,
Westin Wilson,,,,,,,
Lucas Alexander,,,,,,,
Bill Algeo,,,,,,,
Diego Lopes,,,,,,,
Kaik Brito,,,,,,,
Oban Elliott,,,,,,,
Antwain Britt,,,,,,,
Lumumba Sayers,,,,,,,
Scott Lighty,,,,,,,
Mike Bronzoulis,,,,,,,
Chad Leonhardt,,,,,,,
Jonathan Brookins,,,,,,,
Charles Oliveira,,,,,,,
Will Brooks,,,,,,,
Alex Oliveira,,,,,,,
Satoru Kitaoka,,,,,,,
Jarred Brooks,,,,,,,
Robert Sanchez,,,,,,,
Jose Torres,,,,,,,
Eric Shelton,,,,,,,
Rob Broughton,,,,,,,
Philip De Fries,,,,,,,
Vinicius Queiroz,,,,,,,
Lee Brousseau,,,,,,,
Mike Glenn,,,,,,,
Francisco France,,,,,,,
Dhiego Lima,,,,,,,
Carlos Condit,,,,,,,
Tim Means,,,,,,,
Jordan Mein,,,,,,,
Mike Swick,,,,,,,
Luis Ramos,,,,,,,
Chris Cope,,,,,,,
Brian Foster,,,,,,,
Ricardo Almeida,,,,,,,
James Wilks,,,,,,,
Ryan Thomas,,,,,,,
Mike Brown,,,,,,,
Nam Phan,,,,,,,
Cole Province,,,,,,,
Manvel Gamburyan,,,,,,,
Anthony Morrison,,,,,,,
Genki Sudo,,,,,,,
Dominic Brown,,,,,,,
Lucas Lopes,,,,,,,
Terrell Brown,,,,,,,
Chris Brown,,,,,,,
Herman Terrado,,,,,,,
Elizeu Zaleski dos Santos,,,,,,,
Muslim Salikhov,,,,,,,
Wellington Turman,,,,,,,
Jack Della Maddalena,,,,,,,
Jared Gooden,,,,,,,
Niko Price,,,,,,,
Brian Camozzi,,,,,,,
Erick Montano,,,,,,,
Michael Graves,,,,,,,
Matt Dwyer,,,,,,,
Dong Hyun Ma,,,,,,,
Frank Camacho,,,,,,,
Alan Patrick,,,,,,,
TJ Brown,,,,,,,
Shayilan Nuerdanbieke,,,,,,,
Kai Kamaka,,,,,,,
Danny Chavez,,,,,,,
Jordan Griffin,,,,,,,
Dylan Lockard,,,,,,,
Cain Velasquez,,,,,,,
Gabriel Gonzaga,,,,,,,
Chad Griggs,,,,,,,
James McSweeney,,,,,,,
Junie Browning,,,,,,,
Cole Miller,,,,,,,
David Kaplan,,,,,,,
Jules Bruchez,,,,,,,
Justin Bruckmann,,,,,,,
Georges St-Pierre,,,,,,,
Cody Brundage,,,,,,,
Eric McConico,,,,,,,
Mansur Abdul-Malik,,,,,,,
Abdul Razak Alhassan,,,,,,,
Jacob Malkoun,,,,,,,
Rodolfo Vieira,,,,,,,
Nick Maximov,,,,,,,
William Knight,,,,,,,
Steve Bruno,,,,,,,
Johnny Rees,,,,,,,
Chris Wilson,,,,,,,
Fernando Bruno,,,,,,,
Gray Maynard,,,,,,,
Derek Brunson,,,,,,,
Dricus Du Plessis,,,,,,,
Kevin Holland,,,,,,,
Edmen Shahbazyan,,,,,,,
Ian Heinisch,,,,,,,
Elias Theodorou,,,,,,,
Israel Adesanya,,,,,,,
Robert Whittaker,,,,,,,
Roan Carneiro,,,,,,,
Sam Alvey,,,,,,,
Lorenz Larkin,,,,,,,
Yoel Romero,,,,,,,
Brian Houston,,,,,,,
Nate James,,,,,,,
Jeremy Hamilton,,,,,,,
Josh Bryant,,,,,,,
Dennis Bryant,,,,,,,
Robert Bryczek,,,,,,,
Lukasz Brzeski,,,,,,,
Ryan Spann,,,,,,,
Mick Parkin,,,,,,,
Valter Walker,,,,,,,
Karl Williams,,,,,,,
Dylan Potter,,,,,,,
Marcus Buchecha,,,,,,,
Justin Buchholz,,,,,,,
Corey Hill,,,,,,,
Matt Wiman,,,,,,,
Zak Bucia,,,,,,,
James Terry,,,,,,,
Adam Steele,,,,,,,
Courtney Buck,,,,,,,
Fredson Paixao,,,,,,,
Brandon Visher,,,,,,,
Kamaru Usman,,,,,,,
Nursulton Ruziboev,,,,,,,
Alex Morono,,,,,,,
Impa Kasanganay,,,,,,,
Uran Satybaldiev,,,,,,,
Shamil Gaziev,,,,,,,
Lorenzo Hood,,,,,,,
Julia Budd,,,,,,,
Ronda Rousey,,,,,,,
Germaine de Randamie,,,,,,,
Shana Olsen,,,,,,,
Dylan Budka,,,,,,,
Andre Petroski,,,,,,,
Cesar Almeida,,,,,,,
Chad Hanekom,,,,,,,
Mike Budnik,,,,,,,
Rafael Dias,,,,,,,
John Franchi,,,,,,,
Shane Roller,,,,,,,
Greg McIntyre,,,,,,,
Francisco Bueno,,,,,,,
Satoshi Honma,,,,,,,
Mayra Bueno Silva,,,,,,,
Jasmine Jasudavicius,,,,,,,
Macy Chiasson,,,,,,,
Holly Holm,,,,,,,
Lina Lansberg,,,,,,,
Stephanie Egger,,,,,,,
Wu Yanan,,,,,,,
Mara Romero Borella,,,,,,,
Maryna Moroz,,,,,,,
Mayana Kellem,,,,,,,
Paul Buentello,,,,,,,
Kiril Sidelnikov,,,,,,,
Carter Williams,,,,,,,
Ruben Villareal,,,,,,,
Gilbert Aldana,,,,,,,
Kevin Jordan,,,,,,,
Justin Eilers,,,,,,,
Marek Bujlo,,,,,,,
Denzel Freeman,,,,,,,
Modestas Bukauskas,,,,,,,
Zac Pauga,,,,,,,
Tyson Pedro,,,,,,,
Khalil Rountree Jr.,,,,,,,
Lee Kwan Bum,,,,,,,
Josh Bumgarner,,,,,,,
Jesse Finney,,,,,,,
Felipe Bunes,,,,,,,
Rafael Estevam,,,,,,,
Charles Jourdain,,,,,,,
Cub Swanson,,,,,,,
Calvin Kattar,,,,,,,
Joshua Burkman,,,,,,,
Michel Prazeres,,,,,,,
Zak Ottow,,,,,,,
Forrest Petz,,,,,,,
Karo Parisyan,,,,,,,
Chad Reiner,,,,,,,
Josh Neer,,,,,,,
Jon Fitch,,,,,,,
Drew Fickett,,,,,,,
Sammy Morgan,,,,,,,
Justin Burlinson,,,,,,,
Yohan Lainesse,,,,,,,
Mads Burnell,,,,,,,
Arnold Allen,,,,,,,
Mike Santiago,,,,,,,
Mikey Burnett,,,,,,,
Townsend Saunders,,,,,,,
Eugenio Tadeu,,,,,,,
Kevin Burns,,,,,,,
TJ Grant,,,,,,,
Khamzat Chimaev,,,,,,,
Aleksei Kunchenko,,,,,,,
Dan Moret,,,,,,,
Jason Saggo,,,,,,,
Lukasz Sajewski,,,,,,,
Rashid Magomedov,,,,,,,
Andreas Stahl,,,,,,,
Jack Jenkins,,,,,,,
Nate Landwehr,,,,,,,
Darrick Minner,,,,,,,
Derrick Burnsed,,,,,,,
Bobby Stack,,,,,,,
Nah-Shon Burrell,,,,,,,
Yuri Villefort,,,,,,,
Chris Spang,,,,,,,
Lukasz Les,,,,,,,
Joe Ray,,,,,,,
George Bush,,,,,,,
Abongo Humphrey,,,,,,,
Bubba Bush,,,,,,,
Garreth McLellan,,,,,,,
Kevin Casey,,,,,,,
Austin Hubbard,,,,,,,
Makoto Takimoto,,,,,,,
Dong Sik Yoon,,,,,,,
Masanori Suda,,,,,,,
Ryuta Sakurai,,,,,,,
Todd Butler,,,,,,,
Goldman Butler,,,,,,,
Wes Shivers,,,,,,,
Jesse Butler,,,,,,,
JP Buys,,,,,,,
Jacob Silva,,,,,,,
Joby Sanchez,,,,,,,
Francis Marshall,,,,,,,
Connor Matthews,,,,,,,
Kaleio Romero,,,,,,,
Charles Byrd,,,,,,,
Maki Pitolo,,,,,,,
John Phillips,,,,,,,
Randall Wallace,,,,,,,
Jamie Pickett,,,,,,,
Steve Byrnes,,,,,,,
Michael Byrnes,,,,,,,
Dave Zitanick,,,,,,,
Yan Cabral,,,,,,,
Reza Madadi,,,,,,,
Johnny Case,,,,,,,
Zak Cummings,,,,,,,
David Mitchell,,,,,,,
Alvin Cacdac,,,,,,,
Jose Palacios,,,,,,,
Evan Esguerra,,,,,,,
Bobby Sanchez,,,,,,,
Casey Olson,,,,,,,
SeungWoo Choi,,,,,,,
Kevin Croom,,,,,,,
Austin Springer,,,,,,,
Kron Gracie,,,,,,,
Wang Guan,,,,,,,
Rolando Dy,,,,,,,
Yair Rodriguez,,,,,,,
Masio Fullen,,,,,,,
Francisco Rivera,,,,,,,
Masanori Kanehara,,,,,,,
Roland Delorme,,,,,,,
Kyung Ho Kang,,,,,,,
Motonobu Tezuka,,,,,,,
Edwin Figueroa,,,,,,,
Mackens Semerzier,,,,,,,
Vince Cachero,,,,,,,
Priscila Cachoeira,,,,,,,
Joselyne Edwards,,,,,,,
Josiane Nunes,,,,,,,
Valentina Shevchenko,,,,,,,
Travis Calanoc,,,,,,,
Thomas Longacre,,,,,,,
Lucas Caldas,,,,,,,
Magomed Zaynukov,,,,,,,
Carlos Calderon,,,,,,,
Alberto Montes,,,,,,,
Nicolle Caliari,,,,,,,
Carli Judice,,,,,,,
Corinne Laframboise,,,,,,,
Loopy Godinez,,,,,,,
Nina Nunes,,,,,,,
Marina Rodriguez,,,,,,,
Cortney Casey,,,,,,,
Carla Esparza,,,,,,,
Joanne Wood,,,,,,,
Amanda Cooper,,,,,,,
Joe Camacho,,,,,,,
Geoff Neal,,,,,,,
Li Jingliang,,,,,,,
Lucas Camacho,,,,,,,
Mario Pinto,,,,,,,
Fabricio Camoes,,,,,,,
Melvin Guillard,,,,,,,
Torrance Taylor,,,,,,,
Chris Camozzi,,,,,,,
Tom Watson,,,,,,,
Bruno Santos,,,,,,,
Luiz Cane,,,,,,,
Nick Catone,,,,,,,
Dustin Jacoby,,,,,,,
Francis Carmont,,,,,,,
Dongi Yang,,,,,,,
James Hammortree,,,,,,,
Mike Campbell,,,,,,,
Danillo Villefort,,,,,,,
Thomas Campbell,,,,,,,
Jeremy Wallace,,,,,,,
Cody Floyd,,,,,,,
Shane Campbell,,,,,,,
Felipe Silva,,,,,,,
James Krause,,,,,,,
Elias Silverio,,,,,,,
Charlie Campbell,,,,,,,
Alex Reyes,,,,,,,
Kitt Campbell,,,,,,,
YunSeong Jang,,,,,,,
Shogo Sato,,,,,,,
Kurtis Campbell,,,,,,,
Demba Seck,,,,,,,
John Campetella,,,,,,,
Wagner Campos,,,,,,,
Will Campuzano,,,,,,,
Nick Pace,,,,,,,
Coty Wheeler,,,,,,,
Nicolae Negumereanu,,,,,,,
Fabio Cherant,,,,,,,
Chico Camus,,,,,,,
Chris Holdsworth,,,,,,,
Yaotzin Meza,,,,,,,
Dustin Kimura,,,,,,,
Dustin Pague,,,,,,,
Carlos Candelario,,,,,,,
Jake Hadley,,,,,,,
Tatsuro Taira,,,,,,,
Ronaldo Candido,,,,,,,
Stanislav Nedkov,,,,,,,
Cyrille Diabate,,,,,,,
Steve Cantwell,,,,,,,
Jason Lambert,,,,,,,
Randy Costa,,,,,,,
Kris Moutinho,,,,,,,
Mana Martinez,,,,,,,
Batgerel Danaa,,,,,,,
Diego Rivas,,,,,,,
Hugo Viana,,,,,,,
Michael Page,,,,,,,
Gregory Rodrigues,,,,,,,
Marvin Vettori,,,,,,,
Dominick Reyes,,,,,,,
Nick Roehrick,,,,,,,
Jose Canseco,,,,,,,
Hong Man Choi,,,,,,,
Cody Canterbury,,,,,,,
Ben Holscher,,,,,,,
Bo Cantrell,,,,,,,
Kevin Ferguson,,,,,,,
Riki Fukuda,,,,,,,
Mike Massenzio,,,,,,,
Razak Al-Hassan,,,,,,,
Tim McKenzie,,,,,,,
Justin McElfresh,,,,,,,
Phil Caracappa,,,,,,,
Ricky Steele,,,,,,,
Frank Caracci,,,,,,,
Laverne Clark,,,,,,,
Gina Carano,,,,,,,
Kelly Kobold,,,,,,,
Kaitlin Young,,,,,,,
Tonya Evinger,,,,,,,
Julie Kedzie,,,,,,,
Elaina Maxwell,,,,,,,
Rosi Sexton,,,,,,,
Leiticia Pestova,,,,,,,
Dos Caras Jr.,,,,,,,
Dustin Neace,,,,,,,
Mark Hominick,,,,,,,
Alex Zuniga,,,,,,,
Phil Cardella,,,,,,,
Ed Ratcliff,,,,,,,
Edgar Cardenas,,,,,,,
Rolando Perez,,,,,,,
Iliarde Santos,,,,,,,
Josh Ferguson,,,,,,,
Michael McDonald,,,,,,,
Rafael Rebello,,,,,,,
Andrew Valladerez,,,,,,,
Rafael Carino,,,,,,,
Matt Andersen,,,,,,,
Don Carlo-Clauss,,,,,,,
Sam Oropeza,,,,,,,
Jack Marshman,,,,,,,
Eric Spicely,,,,,,,
Leonardo Guimaraes,,,,,,,
Eddie Gordon,,,,,,,
Spike Carlyle,,,,,,,
Aalon Cruz,,,,,,,
Tom Lawlor,,,,,,,
Karlos Vemola,,,,,,,
Liz Carmouche,,,,,,,
Lucie Pudilova,,,,,,,
Lauren Murphy,,,,,,,
Jan Finney,,,,,,,
Colleen Schneider,,,,,,,
Ryan LaFlare,,,,,,,
Kenny Robertson,,,,,,,
Ariane Carnelossi,,,,,,,
Talita Alencar,,,,,,,
Piera Rodriguez,,,,,,,
Istela Nunes,,,,,,,
Liang Na,,,,,,,
Angela Hill,,,,,,,
Michelle Montague,,,,,,,
Ivana Petrovic,,,,,,,
Mabelly Lima,,,,,,,
Tim Caron,,,,,,,
Jordan Williams,,,,,,,
Clayton Carpenter,,,,,,,
Tagir Ulanbekov,,,,,,,
Juancamilo Ronderos,,,,,,,
Edgar Chairez,,,,,,,
Cain Carrizosa,,,,,,,
Leonardo Mafra,,,,,,,
Jonny Carson,,,,,,,
Kenny Giddens,,,,,,,
Scott Carson,,,,,,,
Herschel Walker,,,,,,,
Shonie Carter,,,,,,,
Marcus Davis,,,,,,,
Nate Quarry,,,,,,,
Matt Serra,,,,,,,
Adrian Serrano,,,,,,,
Brad Gumm,,,,,,,
Jack Cartwright,,,,,,,
Bruno Carvalho,,,,,,,
Rodrigo Damm,,,,,,,
Shane Carwin,,,,,,,
Neil Wain,,,,,,,
Christian Wellisch,,,,,,,
Carlton Jones,,,,,,,
Francisco Trevino,,,,,,,
Frankie Perez,,,,,,,
Kazuki Tokudome,,,,,,,
Chad Vance,,,,,,,
Antonina Shevchenko,,,,,,,
Michelle Waterson-Gomez,,,,,,,
Felice Herrig,,,,,,,
Jessica Aguilar,,,,,,,
Claudia Gadelha,,,,,,,
Randa Markos,,,,,,,
Cristina Stanciu,,,,,,,
Seo Hee Ham,,,,,,,
Brandon Cash,,,,,,,
John Devine,,,,,,,
Bendy Casimir,,,,,,,
Dwayne Cason,,,,,,,
Houston Dorr,,,,,,,
Joe Cason,,,,,,,
John Castaneda,,,,,,,
Nathaniel Wood,,,,,,,
Cheyden Leialoha,,,,,,,
Eric Castile,,,,,,,
Matt Pedro,,,,,,,
Paul Sass,,,,,,,
John Cholish,,,,,,,
Jacob Volkmann,,,,,,,
Will Kerr,,,,,,,
Raul Castillo,,,,,,,
Yancy Medeiros,,,,,,,
Brandon Michaels,,,,,,,
Andrew Montanez,,,,,,,
Jenna Castillo,,,,,,,
Charlene Gellner,,,,,,,
Tim Catalfo,,,,,,,
Tom Erikson,,,,,,,
TJ Waldburger,,,,,,,
Tim Credeur,,,,,,,
Derek Downey,,,,,,,
Billy Evangelista,,,,,,,
Nate Mohr,,,,,,,
Isaac Vallie-Flagg,,,,,,,
Thiago Silva,,,,,,,
Mike Kyle,,,,,,,
Travis Galbraith,,,,,,,
Wayne Cole,,,,,,,
John Doyle,,,,,,,
Nora Cornolle,,,,,,,
Zarah Fairn,,,,,,,
Igor Cavalcanti,,,,,,,
Seokhyeon Ko,,,,,,,
Jared Hamman,,,,,,,
Yosdenis Cedeno,,,,,,,
Cody Pfister,,,,,,,
Ernest Chavez,,,,,,,
Merab Dvalishvili,,,,,,,
Wilson Reis,,,,,,,
Adam Cella,,,,,,,
Tor Troeng,,,,,,,
Vinicius Cenci,,,,,,,
Abdul Rakhman Yakhyaev,,,,,,,
Julius Walker,,,,,,,
Al Iaquinta,,,,,,,
Mike Perry,,,,,,,
Myles Jury,,,,,,,
Adriano Martins,,,,,,,
Dennis Siver,,,,,,,
Paul Kelly,,,,,,,
Chris Horodecki,,,,,,,
Kenneth Alexander,,,,,,,
Sergio Moraes,,,,,,,
CJ Vergara,,,,,,,
Daniel Lacerda,,,,,,,
Ansar Chalangov,,,,,,,
Josh Koscheck,,,,,,,
Alex Chambers,,,,,,,
Livinha Souza,,,,,,,
Nadia Kassem,,,,,,,
Paige VanZant,,,,,,,
Kailin Curran,,,,,,,
Aisling Daly,,,,,,,
Paddy Pimblett,,,,,,,
Salvador Woods,,,,,,,
Chelsea Chandler,,,,,,,
Yana Santos,,,,,,,
Norma Dumont,,,,,,,
Eduardo Chapolin,,,,,,,
An Tuan Ho,,,,,,,
Donnie Chappell,,,,,,,
Tony Fryklund,,,,,,,
Kevin Rosier,,,,,,,
Morgan Charriere,,,,,,,
Melquizael Costa,,,,,,,
Gabriel Miranda,,,,,,,
Chepe Mariscal,,,,,,,
Manolo Zecchini,,,,,,,
Jeisla Chaves,,,,,,,
Sofia Montenegro,,,,,,,
Ricardo Ramos,,,,,,,
Jared Gordon,,,,,,,
Albert Cheng,,,,,,,
Anying Wang,,,,,,,
Mark Cherico,,,,,,,
Ketlen Vieira,,,,,,,
Raquel Pennington,,,,,,,
Shanna Young,,,,,,,
Mitch Clarke,,,,,,,
Colton Smith,,,,,,,
Anton Kuivanen,,,,,,,
Kevin Vallejos,,,,,,,
Jamey Simmons,,,,,,,
Irwin Rivera,,,,,,,
Rhys McKee,,,,,,,
Sako Chivitchian,,,,,,,
Kyle Watson,,,,,,,
Mu Bae Choi,,,,,,,
Paulo Cesar Silva,,,,,,,
Yoshihisa Yamamoto,,,,,,,
Yusuke Imamura,,,,,,,
Dooho Choi,,,,,,,
Juan Manuel Puig,,,,,,,
Steve Garcia,,,,,,,
Jarno Errens,,,,,,,
Michael Trizano,,,,,,,
Suman Mokhtarian,,,,,,,
Gavin Tucker,,,,,,,
SeungGuk Choi,,,,,,,
Jiniushiyue,,,,,,,
Sumit Kumar,,,,,,,
Qiu Lun,,,,,,,
Rama Supandhi,,,,,,,
Mark Choinski,,,,,,,
MarQuel Mederos,,,,,,,
Gleison Tibau,,,,,,,
Marc Stevens,,,,,,,
Andrews Nakahara,,,,,,,
Antonio Schembri,,,,,,,
Carlos Newton,,,,,,,
Will Chope,,,,,,,
Cody Chovancek,,,,,,,
Raphael Uchegbu,,,,,,,
Bojan Mihajlovic,,,,,,,
Henrique da Silva,,,,,,,
Kevin Christian,,,,,,,
Francesco Mazzeo,,,,,,,
Dan Christison,,,,,,,
Brad Imes,,,,,,,
Anthony Christodoulou,,,,,,,
Scott Holtzman,,,,,,,
Murad Chunkaiev,,,,,,,
Mike Ciesnolevicz,,,,,,,
Neil Grove,,,,,,,
Mallory Martin,,,,,,,
Mariya Agapova,,,,,,,
Mackenzie Dern,,,,,,,
Jodie Esquibel,,,,,,,
Polyana Viana,,,,,,,
Branko Cikatic,,,,,,,
Maurice Smith,,,,,,,
Nikolajus Cilkinas,,,,,,,
Misha Cirkunov,,,,,,,
Alex Nicholson,,,,,,,
Daniel Jolly,,,,,,,
Frank Trigg,,,,,,,
Fabiano Iha,,,,,,,
Koji Oishi,,,,,,,
Josh Stuart,,,,,,,
Scott Harper,,,,,,,
Dominic Clark,,,,,,,
David Douglas,,,,,,,
Heather Clark,,,,,,,
Bec Rawlings,,,,,,,
Da Woon Jung,,,,,,,
Azamat Murzakanov,,,,,,,
Dequan Townsend,,,,,,,
Darko Stosic,,,,,,,
Mike Rodriguez,,,,,,,
Josh Stansbury,,,,,,,
Jessica-Rose Clark,,,,,,,
Tainara Lisboa,,,,,,,
Shannon Clark,,,,,,,
Yuneisy Duben,,,,,,,
John Clarke,,,,,,,
Alex White,,,,,,,
Joe Duffy,,,,,,,
John Maguire,,,,,,,
Sam Stout,,,,,,,
Din Thomas,,,,,,,
Chris Clements,,,,,,,
Nordine Taleb,,,,,,,
Vik Grujic,,,,,,,
RJ Clifford,,,,,,,
Jeremy Umphries,,,,,,,
Mark Climaco,,,,,,,
Rei Tsuruya,,,,,,,
JungHyun Lee,,,,,,,
Josh Clopton,,,,,,,
Brian Cobb,,,,,,,
Darryl Cobb,,,,,,,
Booker DeRousse,,,,,,,
Gary Tapusoa,,,,,,,
Marloes Coenen,,,,,,,
Fiona Muxlow,,,,,,,
Marc Cofer,,,,,,,
Mitch Whitesel,,,,,,,
John Cofer,,,,,,,
Mike Rio,,,,,,,
Justin Lawrence,,,,,,,
Felipe Colares,,,,,,,
Domingo Pilarte,,,,,,,
Geraldo de Freitas,,,,,,,
Devin Cole,,,,,,,
Gabriel Salinas-Jones,,,,,,,
Daniel Cormier,,,,,,,
Coltin Cole,,,,,,,
Chandler Cole,,,,,,,
Thomas Petersen,,,,,,,
Milco Voorn,,,,,,,
Allan Goes,,,,,,,
Kazuyuki Fujita,,,,,,,
Masaaki Satake,,,,,,,
Ricardo Morais,,,,,,,
Nobuhiko Takada,,,,,,,
Pete Williams,,,,,,,
Julian Sanchez,,,,,,,
Moti Horenstein,,,,,,,
Cortez Coleman,,,,,,,
Tiffany Masters,,,,,,,
Mohammed Usman,,,,,,,
Marcel Fortuna,,,,,,,
Alberto Uda,,,,,,,
Ricardo Abreu,,,,,,,
Christian Colombo,,,,,,,
Jarjis Danho,,,,,,,
Wes Combs,,,,,,,
Rose Conceicao,,,,,,,
Alexia Thainara,,,,,,,
Roque Conceicao,,,,,,,
Imanol Rodriguez,,,,,,,
Dan Hardy,,,,,,,
Rory MacDonald,,,,,,,
Kyle Jensen,,,,,,,
Jake Shields,,,,,,,
Chris Condo,,,,,,,
Ron Waterman,,,,,,,
Jack Congdon,,,,,,,
Jean-Paul Lebosnoyani,,,,,,,
Tristan Connelly,,,,,,,
Michel Pereira,,,,,,,
Marcos Conrado Jr.,,,,,,,
Jeremiah Constant,,,,,,,
Bob Cook,,,,,,,
Mike Cook,,,,,,,
Daniel Puder,,,,,,,
Chad Cook,,,,,,,
Artenus Young,,,,,,,
TJ Cook,,,,,,,
Lionel Lanham,,,,,,,
Dewey Cooper,,,,,,,
Adam Smith,,,,,,,
Brett Cooper,,,,,,,
Patrick Speight,,,,,,,
Bill Cooper,,,,,,,
Matt Ricehouse,,,,,,,
Maka Watson,,,,,,,
Ashley Yoder,,,,,,,
Angela Magana,,,,,,,
Anna Elmose,,,,,,,
Kit Cope,,,,,,,
Kenny Florian,,,,,,,
Che Mills,,,,,,,
Chuck O'Neil,,,,,,,
Ron Keslar,,,,,,,
Josh Copeland,,,,,,,
Jared Rosholt,,,,,,,
Ruslan Magomedov,,,,,,,
Michael Cora,,,,,,,
Sidney Outlaw,,,,,,,
Robert Peralta,,,,,,,
Muhsin Corbbrey,,,,,,,
Zachary Micklewright,,,,,,,
Nick Diaz,,,,,,,
Alden Coria,,,,,,,
Dion Staring,,,,,,,
Jason Riley,,,,,,,
Gary Frazier,,,,,,,
Karol Rosa,,,,,,,
Hailey Cowan,,,,,,,
Melissa Mullins,,,,,,,
Clint Coronel,,,,,,,
Alex Crispin,,,,,,,
Juan Miranda,,,,,,,
Jessamyn Duke,,,,,,,
Sean Alvarez,,,,,,,
Tim Sylvia,,,,,,,
Ante Delija,,,,,,,
Robelis Despaigne,,,,,,,
Danilo Suzart,,,,,,,
Melissa Gatto,,,,,,,
Justine Kish,,,,,,,
Vanessa Melo,,,,,,,
Reyes Cortez Jr.,,,,,,,
Louis Cosce,,,,,,,
Orion Cosce,,,,,,,
Blood Diamond,,,,,,,
Phil Rowe,,,,,,,
Matt Dixon,,,,,,,
Miguel Cosio,,,,,,,
Jadson Costa,,,,,,,
Roman Kopylov,,,,,,,
Tony Kelley,,,,,,,
Adrian Yanez,,,,,,,
Journey Newson,,,,,,,
Boston Salmon,,,,,,,
Steve Erceg,,,,,,,
Jimmy Flick,,,,,,,
Amir Albazi,,,,,,,
Juan Andres Luna,,,,,,,
Austin Lingo,,,,,,,
Thiago Moises,,,,,,,
Vitor Costa,,,,,,,
Damian Pinas,,,,,,,
Oscar Cota,,,,,,,
Alessio Sakara,,,,,,,
Drew McFedries,,,,,,,
Scott Smith,,,,,,,
Joe Doerksen,,,,,,,
Bill Mahood,,,,,,,
Steve Vigneault,,,,,,,
JC Cottrell,,,,,,,
Jason Gonzalez,,,,,,,
JR Coughran,,,,,,,
Alex Gilpin,,,,,,,
Rashad Coulter,,,,,,,
Chris de la Rocha,,,,,,,
Dave Courchaine,,,,,,,
Nathan Coy,,,,,,,
James Toney,,,,,,,
Brandon Vera,,,,,,,
Mike van Arsdale,,,,,,,
Enson Inoue,,,,,,,
Tony Halme,,,,,,,
Kim Couture,,,,,,,
Kerry Vera,,,,,,,
Lina Kvokov,,,,,,,
Ryan Couture,,,,,,,
Conor Heun,,,,,,,
Lee Higgins,,,,,,,
Lucas Stark,,,,,,,
Nikk Covert,,,,,,,
Nik Theotikos,,,,,,,
Jonathan Meunier,,,,,,,
Wagner Silva,,,,,,,
Claudia Leite,,,,,,,
Jeff Cox,,,,,,,
Jonavin Webb,,,,,,,
Danny Roberts,,,,,,,
Nate Moore,,,,,,,
Lyman Good,,,,,,,
Ronny Markes,,,,,,,
Jamahal Hill,,,,,,,
Vinicius Moreira,,,,,,,
Alberto Crane,,,,,,,
Roger Huerta,,,,,,,
Nate Loughran,,,,,,,
Cale Yarbrough,,,,,,,
Paul Creighton,,,,,,,
BJ Penn,,,,,,,
Alexander Crispim,,,,,,,
AJ Fonseca,,,,,,,
Melissa Croden,,,,,,,
Luana Santos,,,,,,,
Kiefer Crosbie,,,,,,,
Taiyilake Nueraji,,,,,,,
Ken Cross,,,,,,,
Kevin Syler,,,,,,,
Allen Crowder,,,,,,,
Greg Hardy,,,,,,,
Daron Cruickshank,,,,,,,
Henry Martinez,,,,,,,
Chris Tickle,,,,,,,
Richard Crunkilton,,,,,,,
Dave Jansen,,,,,,,
Sergio Gomez,,,,,,,
Mike Joy,,,,,,,
Nick Ertl,,,,,,,
Ivan Erslan,,,,,,,
Keigo Kunihara,,,,,,,
Ivan Lopez,,,,,,,
Uros Medic,,,,,,,
Steven Nguyen,,,,,,,
Timmy Cuamba,,,,,,,
ChangHo Lee,,,,,,,
Roberto Romero,,,,,,,
Mateo Vogel,,,,,,,
Danny Silva,,,,,,,
Chris Culley,,,,,,,
Abel Cullum,,,,,,,
Akiyo Nishiura,,,,,,,
Alexander Yakovlev,,,,,,,
Dominique Steele,,,,,,,
Ben Alloway,,,,,,,
Luke Cummo,,,,,,,
Tamdan McCrory,,,,,,,
Luigi Fioravanti,,,,,,,
Edilberto de Oliveira,,,,,,,
Josh Haynes,,,,,,,
Jonathan Goulet,,,,,,,
Jason Von Flue,,,,,,,
Hugo Cunha,,,,,,,
Alton Cunningham,,,,,,,
Tony Johnson,,,,,,,
Bevon Lewis,,,,,,,
AJ Cunningham,,,,,,,
SuYoung You,,,,,,,
Tommy Cuozzi Jr.,,,,,,,
Ramiro Jimenez,,,,,,,
Santo Curatolo,,,,,,,
Larry Cureton,,,,,,,
Marco Ruas,,,,,,,
Stephen Ledbetter,,,,,,,
Hatsu Hioki,,,,,,,
Todd Lally,,,,,,,
Yan Xiaonan,,,,,,,
Jamie Moyle,,,,,,,
Emily Kagan,,,,,,,
Will Currie,,,,,,,
Sean Lally,,,,,,,
Jonathan Wilson,,,,,,,
Gleidson Cutis,,,,,,,
Sarah D'alelio,,,,,,,
Marcos da Matta,,,,,,,
Pablo Alfonso,,,,,,,
Gokhan Saki,,,,,,,
Jordan Johnson,,,,,,,
Casey O'Neill,,,,,,,
Isabela de Padua,,,,,,,
Alex Da Silva,,,,,,,
Joe Solecki,,,,,,,
Brad Riddell,,,,,,,
Kazula Vargas,,,,,,,
Radley Da Silva,,,,,,,
George Mangos,,,,,,,
Deni Daffa,,,,,,,
Ren Yawei,,,,,,,
Saygid Izagakhmaev,,,,,,,
Claudio Silva,,,,,,,
Daniel Rodriguez,,,,,,,
Jesse Ronson,,,,,,,
Peter Sobotta,,,,,,,
Aurelijus Kerpe,,,,,,,
Dave Dalgliesh,,,,,,,
Richard Dalton,,,,,,,
Ericka Almeida,,,,,,,
Leonardo Damiani,,,,,,,
Ivan Jorge,,,,,,,
Anistavio Medeiros,,,,,,,
Carina Damm,,,,,,,
Hitomi Akano,,,,,,,
Kevin Natividad,,,,,,,
Cindy Dandois,,,,,,,
Peter Danesoe,,,,,,,
Sulangrangbo,,,,,,,
Nyamjargal Tumendemberel,,,,,,,
Sim Kai Xiong,,,,,,,
Yorgan De Castro,,,,,,,
Jose Daniel Medina,,,,,,,
Ateba Gautier,,,,,,,
Magomed Gadzhiyasulov,,,,,,,
Raymond Daniels,,,,,,,
Jeremiah Metcalf,,,,,,,
Alexandre Dantas,,,,,,,
Efrain Escudero,,,,,,,
Karen Darabedyan,,,,,,,
Bart Palaszewski,,,,,,,
Renato Moicano,,,,,,,
Mateusz Gamrot,,,,,,,
James Vick,,,,,,,
Ramsey Nijem,,,,,,,
Sean Daugherty,,,,,,,
Scott Morris,,,,,,,
Kyle Daukaus,,,,,,,
Roman Dolidze,,,,,,,
Michael Lombardo,,,,,,,
Brian Davidson,,,,,,,
Russell Patrick,,,,,,,
Rick Davis,,,,,,,
Paul Taylor,,,,,,,
Jason Tan,,,,,,,
Pete Spratt,,,,,,,
Josh Grispi,,,,,,,
Deividas Taurosevicius,,,,,,,
Javier Vazquez,,,,,,,
Bao Quach,,,,,,,
Vinny Magalhaes,,,,,,,
Wagner Prado,,,,,,,
Rodney Wallace,,,,,,,
Lemont Davis,,,,,,,
Dillon Smith,,,,,,,
Brian Schwartz,,,,,,,
OJ Dominguez,,,,,,,
Justin Davis,,,,,,,
Dennis Hallman,,,,,,,
Sabina Mazo,,,,,,,
Danny Davis,,,,,,,
Quinn Mulhern,,,,,,,
Mitch Ramirez,,,,,,,
Fares Ziam,,,,,,,
Mason Jones,,,,,,,
Thomas Gifford,,,,,,,
Yoshinori Horie,,,,,,,
Danny Henry,,,,,,,
Grant Dawson,,,,,,,
Rafa Garcia,,,,,,,
Damir Ismagulov,,,,,,,
Nad Narimani,,,,,,,
Adrian Diaz,,,,,,,
Martin Day,,,,,,,
Anderson Dos Santos,,,,,,,
Pingyuan Liu,,,,,,,
Jaime Alvarez,,,,,,,
Angel De Anda,,,,,,,
Daniel Spohn,,,,,,,
Justin Tafa,,,,,,,
Sanford Alton Meeks,,,,,,,
Todd Duffee,,,,,,,
Oli Thompson,,,,,,,
Tatiana Suarez,,,,,,,
Rachael Ostovich,,,,,,,
Christina Marks,,,,,,,
Mark De La Rosa,,,,,,,
Jordan Espinosa,,,,,,,
Elias Garcia,,,,,,,
Yui Chul Nam,,,,,,,
Rodrigo de Lima,,,,,,,
Johil de Oliveira,,,,,,,
Jorge de Oliveira,,,,,,,
Jair De Oliveira,,,,,,,
Rafael Tobias,,,,,,,
Cheyanne Vlismas,,,,,,,
Jinh Yu Frey,,,,,,,
Pauline Macias,,,,,,,
Julianna Pena,,,,,,,
Aspen Ladd,,,,,,,
Larissa Pacheco,,,,,,,
Hiroko Yamanaka,,,,,,,
Stephanie Webber,,,,,,,
Reinier de Ridder,,,,,,,
Crezio de Souza,,,,,,,
Carl Deaton,,,,,,,
Alexander Munoz,,,,,,,
Tom DeBlass,,,,,,,
Issac DeJesus,,,,,,,
Rafael Del Real,,,,,,,
Dan Molina,,,,,,,
Lolohea Mahe,,,,,,,
Wallen Del Rosario,,,,,,,
Yadier del Valle,,,,,,,
Isaac Dulgarian,,,,,,,
Antonio Monteiro,,,,,,,
Jose Delano,,,,,,,
Manuel Exposito,,,,,,,
Humberto DeLeon,,,,,,,
Chad Robichaux,,,,,,,
Rolando Delgado,,,,,,,
Andre Winner,,,,,,,
John Polakowski,,,,,,,
Jose Delgado,,,,,,,
Hyder Amil,,,,,,,
Ernie Juarez,,,,,,,
Bassil Hafez,,,,,,,
Ramazan Emeev,,,,,,,
Pete Rodriguez,,,,,,,
Yuta Sasaki,,,,,,,
Michinori Tanaka,,,,,,,
Nick Denis,,,,,,,
Jon Delos Reyes,,,,,,,
Roldan Sangcha'an,,,,,,,
Joe Slick,,,,,,,
Royce Gracie,,,,,,,
Trent Jenkins,,,,,,,
Justin DeMoney,,,,,,,
Vanessa Demopoulos,,,,,,,
Jaqueline Amorim,,,,,,,
Emily Ducote,,,,,,,
Kanako Murata,,,,,,,
Silvana Gomez Juarez,,,,,,,
Cory McKenna,,,,,,,
Joseph Sandoval,,,,,,,
Thomas Denny,,,,,,,
Alex Karalexis,,,,,,,
Robert Densley,,,,,,,
Jason Dent,,,,,,,
Cameron Dollar,,,,,,,
Amanda Lemos,,,,,,,
Tecia Pennington,,,,,,,
Virna Jandiroba,,,,,,,
James Wade,,,,,,,
Chatt Lavender,,,,,,,
Paul Rodriguez,,,,,,,
Austen Lane,,,,,,,
Cory Devela,,,,,,,
Edwin DeWees,,,,,,,
Bojan Velickovic,,,,,,,
Micol Di Segni,,,,,,,
Thomas Diagne,,,,,,,
Aaron Lanfranco,,,,,,,
Caros Fodor,,,,,,,
Merritt Warren,,,,,,,
Kaleo Kwan,,,,,,,
Kaue Fernandes,,,,,,,
Damir Hadzovic,,,,,,,
Rafael Alves,,,,,,,
Lando Vannata,,,,,,,
Nasrat Haqparast,,,,,,,
Tyler Diamond,,,,,,,
Charles Radtke,,,,,,,
Jeremiah Wells,,,,,,,
Hacran Dias,,,,,,,
Levan Makashvili,,,,,,,
Luis Felipe Dias,,,,,,,
Donavon Hedrick,,,,,,,
Magno Dias,,,,,,,
Louis Jourdain,,,,,,,
Frank Shamrock,,,,,,,
Katsuya Inoue,,,,,,,
Mike Aina,,,,,,,
Sean Sherk,,,,,,,
Jeremy Jackson,,,,,,,
Rory Markham,,,,,,,
Joe Hurley,,,,,,,
Gilbert Rael,,,,,,,
Tony Juarez,,,,,,,
Alejandro Garcia,,,,,,,
Ryan Diaz,,,,,,,
Chris Gruetzemacher,,,,,,,
Ozzy Diaz,,,,,,,
Zhang Mingyang,,,,,,,
Juan Diaz,,,,,,,
Kwon Wonil,,,,,,,
Kyle Dietz,,,,,,,
Seth Dikun,,,,,,,
Frank Gomez,,,,,,,
Walel Watson,,,,,,,
Ralph Dillon,,,,,,,
Drew Dimanlig,,,,,,,
Scott Graham,,,,,,,
J.T Taylor,,,,,,,
Ding Meng,,,,,,,
Rami Hamed,,,,,,,
Rodolfo Marques Diniz,,,,,,,
Bibiano Fernandes,,,,,,,
Yusup Saadulaev,,,,,,,
Jhonata Diniz,,,,,,,
Alvin Hines,,,,,,,
Eduardo Neves,,,,,,,
Helio Dipp,,,,,,,
Rico DiSciullo,,,,,,,
John Dixson,,,,,,,
Kazunari Murakami,,,,,,,
Kwan Ho Kwak,,,,,,,
Leandro Issa,,,,,,,
Kyle Prepolec,,,,,,,
Islam Makhachev,,,,,,,
Sean Spencer,,,,,,,
Tafon Nchukwi,,,,,,,
David Dodd,,,,,,,
Tyrone Roberts,,,,,,,
Travis Fulton,,,,,,,
John Dodson,,,,,,,
Petr Yan,,,,,,,
Darrell Montague,,,,,,,
Laureano Staropoli,,,,,,,
John Allan,,,,,,,
Khadis Ibragimov,,,,,,,
Khalid Murtazaliev,,,,,,,
Goran Reljic,,,,,,,
Jay Silva,,,,,,,
Jesse Taylor,,,,,,,
Dennis Dombrow,,,,,,,
Drew Pendleton,,,,,,,
Dong Huaxiang,,,,,,,
Priya Sharma,,,,,,,
Cody Donovan,,,,,,,
Nick Penner,,,,,,,
Kamal Shalorus,,,,,,,
Rob Emerson,,,,,,,
Blagoy Ivanov,,,,,,,
Acacio Dos Santos,,,,,,,
Felipe dos Santos,,,,,,,
Lone'er Kavanagh,,,,,,,
Manel Kape,,,,,,,
Nick Gonzalez,,,,,,,
Damion Douglas,,,,,,,
Lerryan Douglas,,,,,,,
Cam Teague,,,,,,,
John Dowdy,,,,,,,
Danny Downes,,,,,,,
Zhang Tiequan,,,,,,,
Edson Drago,,,,,,,
Yoshihiro Nakao,,,,,,,
Jimmy Drago,,,,,,,
Ty Miller,,,,,,,
Anthony Drilich,,,,,,,
Sean Gauci,,,,,,,
Kyle Driscoll,,,,,,,
Dinis Paiva Jr.,,,,,,,
Chris Drumm,,,,,,,
Hugo Duarte,,,,,,,
Antonio Duarte,,,,,,,
Albert Rios,,,,,,,
Jorge Gurgel,,,,,,,
Matthieu Duclos,,,,,,,
Jessica Penne,,,,,,,
Viktoriia Dudakova,,,,,,,
Fatima Kline,,,,,,,
Maria Silva,,,,,,,
Milana Dudieva,,,,,,,
Elizabeth Phillips,,,,,,,
Anthony Hamilton,,,,,,,
Mike Russow,,,,,,,
Jack Duffy,,,,,,,
Nick Piccininni,,,,,,,
Alexis Dufresne,,,,,,,
Leslie Smith,,,,,,,
Peggy Morgan,,,,,,,
Adam Fugitt,,,,,,,
Brendon Marotte,,,,,,,
Kelly Dullanty,,,,,,,
Donte Johnson,,,,,,,
Denis Tiuliulin,,,,,,,
Josh Fremd,,,,,,,
Matej Penaz,,,,,,,
Danyelle Wolf,,,,,,,
Felicia Spencer,,,,,,,
Ashlee Evans-Smith,,,,,,,
Megan Anderson,,,,,,,
Mateusz Rebecki,,,,,,,
Jordan Vucenic,,,,,,,
Christian Leroy Duncan,,,,,,,
Andrey Pulyaev,,,,,,,
Claudio Ribeiro,,,,,,,
Per Eklund,,,,,,,
Tom Duquesnoy,,,,,,,
Terrion Ware,,,,,,,
Reuben Duran,,,,,,,
Allan Nascimento,,,,,,,
Jose Ochoa,,,,,,,
Charles Johnson,,,,,,,
Carlos Mota,,,,,,,
Muhammad Mokaev,,,,,,,
Kiichi Kunimoto,,,,,,,
Rilley Dutro,,,,,,,
Bill Duvall,,,,,,,
Luke Stewart,,,,,,,
David Dvorak,,,,,,,
Matheus Nicolau,,,,,,,
William Macario,,,,,,,
Albert Tumenov,,,,,,,
Wulijiburen,,,,,,,
Teruto Ishihara,,,,,,,
Shanelle Dyer,,,,,,,
Carol Foro,,,,,,,
Ben Earwood,,,,,,,
Jorge Oliveira,,,,,,,
Travis Lutter,,,,,,,
Alex Stiebling,,,,,,,
Tom Sauer,,,,,,,
Ivan Menjivar,,,,,,,
Jared Papazian,,,,,,,
Maurice Eazel,,,,,,,
Ross Ebanez,,,,,,,
Brian Ebersole,,,,,,,
James Head,,,,,,,
Claude Patrick,,,,,,,
Matt Horwich,,,,,,,
Roybert Echeverria,,,,,,,
Mark Eddiva,,,,,,,
Chad Mendes,,,,,,,
Matt Veach,,,,,,,
Spencer Fisher,,,,,,,
Abdul-Kerim Edilov,,,,,,,
Alejandro Perez,,,,,,,
Piotr Hallmann,,,,,,,
Cody McKenzie,,,,,,,
John Gunderson,,,,,,,
Seichi Ikemoto,,,,,,,
Deshaun Johnson,,,,,,,
Nick Agallar,,,,,,,
Eddie Ruiz,,,,,,,
Joao Pierini,,,,,,,
Justin Edwards,,,,,,,
Jorge Lopez,,,,,,,
Carlos Prates,,,,,,,
Dominic Waters,,,,,,,
Pawel Pawlak,,,,,,,
Don Madge,,,,,,,
Austin Tweedy,,,,,,,
Tamires Vidal,,,,,,,
Ailin Perez,,,,,,,
Ramona Pascual,,,,,,,
Tom Egan,,,,,,,
John Hathaway,,,,,,,
Irina Alekseeva,,,,,,,
Jon Olav Einemo,,,,,,,
Dave Herman,,,,,,,
Samy Schiavo,,,,,,,
Evan Elder,,,,,,,
Gauge Young,,,,,,,
Darrius Flowers,,,,,,,
Genaro Valdez,,,,,,,
Preston Parsons,,,,,,,
Joao Elias,,,,,,,
Ryan Hall,,,,,,,
Alexander Volkanovski,,,,,,,
Robert Whiteford,,,,,,,
Michihiro Omigawa,,,,,,,
Jay Hieron,,,,,,,
Carlos Eduardo Rocha,,,,,,,
James Moontasri,,,,,,,
Val Woodburn,,,,,,,
Lisa Ellis,,,,,,,
Elisha Ellison,,,,,,,
Brando Pericic,,,,,,,
David Zawada,,,,,,,
Niklas Stolze,,,,,,,
Stefan Sekulic,,,,,,,
James Thompson,,,,,,,
Matt Foki,,,,,,,
Assuerio Silva,,,,,,,
Satoshi Ishii,,,,,,,
Wagner da Conceicao Martins,,,,,,,
Tsuyoshi Kohsaka,,,,,,,
Naoya Ogawa,,,,,,,
Kevin Randleman,,,,,,,
Yuji Nagata,,,,,,,
Ilia Topuria,,,,,,,
Desmond Green,,,,,,,
Kolton Englund,,,,,,,
Oliver Enkamp,,,,,,,
Kenny Ento,,,,,,,
Mario Rivera,,,,,,,
Andy Enz,,,,,,,
Marcelo Guimaraes,,,,,,,
Clint Hester,,,,,,,
Yuji Ephoevi-Ga,,,,,,,
Dom Mar Fan,,,,,,,
Josh Epps,,,,,,,
JW Wright,,,,,,,
Abdellah Er-Ramy,,,,,,,
Torrez Finney,,,,,,,
Ode Osbourne,,,,,,,
Matt Skelton,,,,,,,
Konstantin Erokhin,,,,,,,
Viktor Pesta,,,,,,,
Fernando Padilla,,,,,,,
Devonte Smith,,,,,,,
Marcin Wrzosek,,,,,,,
Bobby Escalante,,,,,,,
Raul Sandoval,,,,,,,
Eric Esch,,,,,,,
Sean O'Haire,,,,,,,
Pro Escobedo,,,,,,,
Jason Sharp,,,,,,,
Dan Lauzon,,,,,,,
Juliana Lima,,,,,,,
Juan Espino,,,,,,,
Alexandr Romanov,,,,,,,
Nick Urso,,,,,,,
Jesus Aguilar,,,,,,,
Achilles Estremadura,,,,,,,
Shaun Etchell,,,,,,,
Takeru Uchida,,,,,,,
Renee Forte,,,,,,,
Edward Faaloloto,,,,,,,
Shannon Gugerty,,,,,,,
Fred Ettish,,,,,,,
Johnny Rhodes,,,,,,,
Elise Reed,,,,,,,
Waachiim Spiritwolf,,,,,,,
Marlon Sims,,,,,,,
Isaiah Hill,,,,,,,
Hector Ramirez,,,,,,,
Jaime Jara,,,,,,,
Bryan Pardoe,,,,,,,
Veronica Hardy,,,,,,,
Mike Grundy,,,,,,,
Jonathan Martinez,,,,,,,
Chris Ewert,,,,,,,
Yuri Panferov,,,,,,,
Ethyn Ewing,,,,,,,
Kalindra Faria,,,,,,,
Clint Godfrey,,,,,,,
Akitoshi Tamura,,,,,,,
Bartosz Fabinski,,,,,,,
Emil Meek,,,,,,,
Hector Urbina,,,,,,,
Ron Faircloth,,,,,,,
Jason Fairn,,,,,,,
Andreas Gustafsson,,,,,,,
Carlos Leal,,,,,,,
Maiquel Falcao,,,,,,,
Brodie Farber,,,,,,,
Jair Farias,,,,,,,
Chance Farrar,,,,,,,
Micah Miller,,,,,,,
Rico Farrington,,,,,,,
Kelly Faszholz,,,,,,,
Alex Ricci,,,,,,,
JP Felty,,,,,,,
John Kuhner,,,,,,,
Feng Xiaocan,,,,,,,
Arisa Matsuda,,,,,,,
Miki Motono,,,,,,,
Kiran Singh,,,,,,,
Houston Alexander,,,,,,,
Seth Petruzelli,,,,,,,
Rhadi Ferguson,,,,,,,
John Richard,,,,,,,
CJ Fernandes,,,,,,,
Takafumi Otsuka,,,,,,,
Harry Hardwick,,,,,,,
Mohammad Yahya,,,,,,,
Luke Fernandez,,,,,,,
Rafael Pergentino,,,,,,,
Lucas Fernando,,,,,,,
Alexandre Ferreira,,,,,,,
Karl Roberson,,,,,,,
Gregor Gillespie,,,,,,,
Rustam Khabilov,,,,,,,
Erisson Ferreira,,,,,,,
Brunno Ferreira,,,,,,,
Jackson McVey,,,,,,,
Leon Aliu,,,,,,,
Jim Mullen,,,,,,,
Sam Fulton,,,,,,,
Cameron VanCamp,,,,,,,
Jae Suk Lim,,,,,,,
Scott Fiedler,,,,,,,
Ron Fields,,,,,,,
Falaniko Vitale,,,,,,,
Michal Figlak,,,,,,,
Joseph Morales,,,,,,,
Francisco Figueiredo,,,,,,,
Jerome Rivera,,,,,,,
Pete Sabala,,,,,,,
Miguel Linares,,,,,,,
Jason Reinhardt,,,,,,,
Melvin Manhoef,,,,,,,
Jeremy Larsen,,,,,,,
Mostapha Al-Turk,,,,,,,
Tatsuya Mizuno,,,,,,,
Eddie Sanchez,,,,,,,
Ibragim Magomedov,,,,,,,
Shungo Oyama,,,,,,,
Hiromitsu Kanehara,,,,,,,
Brady Fink,,,,,,,
Robert Valentin,,,,,,,
Cam Rowston,,,,,,,
Solomon Hutcherson,,,,,,,
Nick Fiore,,,,,,,
Tabatha Ricci,,,,,,,
Kazuyuki Miyata,,,,,,,
Nobuhiro Obiya,,,,,,,
Hiroyuki Abe,,,,,,,
Curt Warburton,,,,,,,
Chris Fishgold,,,,,,,
Akihiro Gono,,,,,,,
Jeff Joslin,,,,,,,
Magomed Mustafaev,,,,,,,
Colin Fletcher,,,,,,,
Mike Ricci,,,,,,,
Matthew Semelsberger,,,,,,,
Nathan Fletcher,,,,,,,
Rinya Nakamura,,,,,,,
Caolan Loughran,,,,,,,
Zygimantas Ramaska,,,,,,,
Nate Maness,,,,,,,
Nate Smith,,,,,,,
Luke Flores,,,,,,,
Jordan Leavitt,,,,,,,
Ty Flores,,,,,,,
Alejandro Flores,,,,,,,
Bobby McAndrews,,,,,,,
Amiran Gogoladze,,,,,,,
Derek Getzel,,,,,,,
Mal Foki,,,,,,,
Henry Miller,,,,,,,
David Martinez,,,,,,,
Joey Gomez,,,,,,,
Claudionor Fontinelle,,,,,,,
Ryan Jensen,,,,,,,
Sterling Ford,,,,,,,
Brian McLaughlin,,,,,,,
Brianna Fortino,,,,,,,
Xavier Foupa-Pokam,,,,,,,
Brandon Foxworth,,,,,,,
Joe Jordan,,,,,,,
Glaico Franca Moreira,,,,,,,
Felipe Franco,,,,,,,
Freddy Vidal,,,,,,,
Ken Shamrock,,,,,,,
Leo Sylvest,,,,,,,
Antony Rea,,,,,,,
Yan Pellerin,,,,,,,
Dennis Reed,,,,,,,
Xavier Franklin,,,,,,,
Zoila Frausto,,,,,,,
Elisha Helsper,,,,,,,
Stephanie Frausto,,,,,,,
Luana Pinheiro,,,,,,,
Zane Frazier,,,,,,,
Cal Worsham,,,,,,,
Vernon White,,,,,,,
Tedd Williams,,,,,,,
Nate Schroeder,,,,,,,
Scott Adams,,,,,,,
Jason Freeman,,,,,,,
Willamy Freire,,,,,,,
Waylon Lowe,,,,,,,
Patricio Freire,,,,,,,
Jeremy Freitag,,,,,,,
Anthony Ruiz,,,,,,,
Rafael Freitas,,,,,,,
Donavon Frelow,,,,,,,
Luis Pena,,,,,,,
Kay Hansen,,,,,,,
Sarah Frota,,,,,,,
Maiara Amanajas dos Santos,,,,,,,
Daniel Frunza,,,,,,,
Vadym Kutsyi,,,,,,,
Yoshihiro Takayama,,,,,,,
Mark Hall,,,,,,,
Sam Adkins,,,,,,,
Thomas Ramirez,,,,,,,
Allen Frye Jr.,,,,,,,
Guilherme Pat,,,,,,,
Ivan Salaverry,,,,,,,
Rodrigo Ruas,,,,,,,
Mike Malott,,,,,,,
Yusaku Kinoshita,,,,,,,
Jesse Fujarczyk,,,,,,,
Katsuhisa Fujii,,,,,,,
Jin Oh Kim,,,,,,,
Masutatsu Yano,,,,,,,
Eldari Kurtanidze,,,,,,,
Hans Nijman,,,,,,,
Keisuke Fujiwara,,,,,,,
Tomoya Miyashita,,,,,,,
Alex Torres,,,,,,,
Alex Hunter,,,,,,,
Masakatsu Funaki,,,,,,,
Kiyoshi Tamura,,,,,,,
Ricardo Funch,,,,,,,
Katsuaki Furuki,,,,,,,
Andy Ologun,,,,,,,
James Gabert,,,,,,,
Joanna Jedrzejczyk,,,,,,,
Tina Lahdemaki,,,,,,,
Alavutdin Gadjiev,,,,,,,
Ralek Gracie,,,,,,,
Bruno Lopes,,,,,,,
Brendson Ribeiro,,,,,,,
Sheila Gaff,,,,,,,
Roman Salazar,,,,,,,
Tim Gorman,,,,,,,
Brandon Gaines,,,,,,,
Trey Houston,,,,,,,
Dave Galera,,,,,,,
Royston Wee,,,,,,,
Zelg Galesic,,,,,,,
Taiei Kin,,,,,,,
Magomed Sultanakhmedov,,,,,,,
Salim Touahri,,,,,,,
CM Punk,,,,,,,
Tom Gallicchio,,,,,,,
Turrell Galloway,,,,,,,
Brett Tillis,,,,,,,
Eric Galvan,,,,,,,
Jeremy Malaterre,,,,,,,
Andre Galvao,,,,,,,
Jorge Patino,,,,,,,
Lucas Gamaza,,,,,,,
Shamil Gamzatov,,,,,,,
Ryan Gandra,,,,,,,
Trent Miller,,,,,,,
Ariel Gandulla,,,,,,,
Gary Padilla,,,,,,,
Sean Gannon,,,,,,,
Branden Lee Hinkle,,,,,,,
Tommy Gantt,,,,,,,
Adam Livingston,,,,,,,
Augusto Mendes,,,,,,,
Sheldon Westcott,,,,,,,
Alex Garcia,,,,,,,
Ben Wall,,,,,,,
Desmond Torres,,,,,,,
Fernie Garcia,,,,,,,
Joshua Weems,,,,,,,
Rulon Gardner,,,,,,,
Azamat Gashimov,,,,,,,
Brian Gassaway,,,,,,,
Nicholas Musoke,,,,,,,
Willie Gates,,,,,,,
Phil Harris,,,,,,,
Tre'ston Vines,,,,,,,
Yura Naito,,,,,,,
Greg Velasco,,,,,,,
John Hosman,,,,,,,
Paul Georgieff,,,,,,,
Brian Geraghty,,,,,,,
Karine Gevorgyan,,,,,,,
Yanis Ghemmouri,,,,,,,
Darrel Gholar,,,,,,,
Daniel Zellhuber,,,,,,,
Sean Soriano,,,,,,,
Carlton Minus,,,,,,,
Nick Gibbons,,,,,,,
Josh Pulsifer,,,,,,,
Lance Gibson,,,,,,,
Jermaine Andre,,,,,,,
Lee Gibson,,,,,,,
Joe Wilk,,,,,,,
Chase Gibson,,,,,,,
Lance Gibson Jr.,,,,,,,
Joseph Gigliotti,,,,,,,
Joey Gilbert,,,,,,,
Antonio Braga Neto,,,,,,,
Kultar Gill,,,,,,,
Jesse Gillespie,,,,,,,
Dave Martin,,,,,,,
Eric Lawson,,,,,,,
Jesse Jones,,,,,,,
Jordan Rinaldi,,,,,,,
Andrew Holbrook,,,,,,,
Jason Gilliam,,,,,,,
Krishaun Gilmore,,,,,,,
Charles McTorry,,,,,,,
Bob Gilstrap,,,,,,,
Max Gimenis,,,,,,,
Josh Hokit,,,,,,,
Eperaim Ginting,,,,,,,
Daermisi Zhawupasi,,,,,,,
He-Man Gipson,,,,,,,
Anthony Macias,,,,,,,
Joaquim Silva,,,,,,,
Mark Godbeer,,,,,,,
Dmitry Sosnovskiy,,,,,,,
Julia Polastri,,,,,,,
Jason Godsey,,,,,,,
Carl Malenko,,,,,,,
Shimon Smotritsky,,,,,,,
Jonny Goh,,,,,,,
Mizuki,,,,,,,
Emily Whitmire,,,,,,,
Miranda Granger,,,,,,,
Kali Robbins,,,,,,,
Timothy Johnson,,,,,,,
Eduarda Moura,,,,,,,
Yazmin Jauregui,,,,,,,
Marcus Hicks,,,,,,,
Noah Thomas,,,,,,,
Alan Gomez,,,,,,,
Jordan Goodwin,,,,,,,
David Gomez,,,,,,,
Craig Oxley,,,,,,,
Ulysses Gomez,,,,,,,
Jose Quinonez,,,,,,,
Luis Gomez,,,,,,,
Fabio Mello,,,,,,,
Ralph Gracie,,,,,,,
Robert Ruchala,,,,,,,
Dae Won Kim,,,,,,,
Daniel Acacio,,,,,,,
Crosley Gracie,,,,,,,
Chris Tuchscherer,,,,,,,
Josh Hendricks,,,,,,,
Justin McCully,,,,,,,
Fabiano Scherner,,,,,,,
Justin Gonzales,,,,,,,
Zach Zane,,,,,,,
Fernando Gonzalez,,,,,,,
Eddie Mendez,,,,,,,
Brendan Seguin,,,,,,,
Lewis Gonzalez,,,,,,,
Mikey Gonzalez,,,,,,,
Erick Gonzalez,,,,,,,
Kier Gooch,,,,,,,
Adam Schindler,,,,,,,
Chance Rencountre,,,,,,,
Carlston Harris,,,,,,,
Abubakar Nurmagomedov,,,,,,,
Lloyd Van Dams,,,,,,,
Achmed Labasanov,,,,,,,
Yoshiaki Yatsu,,,,,,,
Osamu Tachihikari,,,,,,,
Andre Roberts,,,,,,,
Amir Rahnavardi,,,,,,,
Mark Schultz,,,,,,,
Paul Herrera,,,,,,,
Gerard Gordeau,,,,,,,
Teila Tuli,,,,,,,
Michel Quinones,,,,,,,
Tebaris Gordon,,,,,,,
Alex Gorgees,,,,,,,
Chase Gormley,,,,,,,
Todd Gouwenberg,,,,,,,
Damian Grabowski,,,,,,,
Matt Hughes,,,,,,,
Keith Hackney,,,,,,,
Ron van Clief,,,,,,,
Kimo Leopoldo,,,,,,,
Remco Pardoel,,,,,,,
Minoki Ichihara,,,,,,,
Art Jimmerson,,,,,,,
Daniel Gracie,,,,,,,
Wataru Sakata,,,,,,,
Takashi Sugiura,,,,,,,
Renzo Gracie,,,,,,,
Michiyoshi Ohara,,,,,,,
Sanae Kikuta,,,,,,,
Rickson Gracie,,,,,,,
Rodrigo Gracie,,,,,,,
Yuki Sasaki,,,,,,,
Royler Gracie,,,,,,,
Yuhi Sano,,,,,,,
Kazuhiro Hamanaka,,,,,,,
Tokimitsu Ishizawa,,,,,,,
Cesar Gracie,,,,,,,
Roger Gracie,,,,,,,
Muhammed Lawal,,,,,,,
Trevor Prangley,,,,,,,
Igor Gracie,,,,,,,
John Salgado,,,,,,,
Luke Riley,,,,,,,
Steven Graham,,,,,,,
Dmitri Stepanov,,,,,,,
Chris Yee,,,,,,,
Carlo Prater,,,,,,,
Julio Paulino,,,,,,,
Ramon Taveras,,,,,,,
Grigory Popov,,,,,,,
Damian Stasiak,,,,,,,
Dwight Grant,,,,,,,
Sergey Khandozhko,,,,,,,
Carlo Pedersoli Jr.,,,,,,,
Tyler Hill,,,,,,,
Saimon Oliveira,,,,,,,
Brett Johns,,,,,,,
Ray Rodriguez,,,,,,,
Shelton Graves,,,,,,,
Everett Sims,,,,,,,
James Gray,,,,,,,
Kevin Gray,,,,,,,
Sam Greco,,,,,,,
Mauricio Ruffy,,,,,,,
James Reese,,,,,,,
Charon Spain,,,,,,,
Ian Machado Garry,,,,,,,
Edson Silva,,,,,,,
Zelim Imadaev,,,,,,,
Luis Saldana,,,,,,,
Maurice Mitchell,,,,,,,
Bobby Lashley,,,,,,,
Cameron Smotherman,,,,,,,
Chuck Grigsby,,,,,,,
Rodrigo Gripp de Sousa,,,,,,,
Garrett Gross,,,,,,,
Jake Rosholt,,,,,,,
Chris Price,,,,,,,
Claudio Puelles,,,,,,,
Davi Ramos,,,,,,,
Abner Lloveras,,,,,,,
Brendan O'Reilly,,,,,,,
Chris Indich,,,,,,,
Dale Hartt,,,,,,,
Justin James,,,,,,,
Joe Martin,,,,,,,
Jason Guida,,,,,,,
Ronys Torres,,,,,,,
Gabe Ruediger,,,,,,,
Chris Guillen,,,,,,,
Hyun Gyu Lim,,,,,,,
Dan Stittgen,,,,,,,
Mark Holst,,,,,,,
John Gunther,,,,,,,
Allan Zuniga,,,,,,,
Billy Vaughan,,,,,,,
John Halverson,,,,,,,
Diego Saraiva,,,,,,,
Danny Abbadi,,,,,,,
Luis Gurule,,,,,,,
Gugun Gusman,,,,,,,
Andre Gusmao,,,,,,,
Pat Pytlik,,,,,,,
Horacio Gutierrez,,,,,,,
Vince Morales,,,,,,,
Ryan MacDonald,,,,,,,
Mando Gutierrez,,,,,,,
Mike Guymon,,,,,,,
Yoshiyuki Yoshida,,,,,,,
Chelsea Hackett,,,,,,,
Joe Son,,,,,,,
Emmanuel Yarborough,,,,,,,
Mitch Raposo,,,,,,,
Steve Hadsel,,,,,,,
Taylor Roberts,,,,,,,
Marcin Held,,,,,,,
Theo Haig,,,,,,,
Cezary Oleksiejczuk,,,,,,,
Yazan Hajeh,,,,,,,
Matt Sayles,,,,,,,
Stoney Hale,,,,,,,
Gerric Hayes,,,,,,,
Felix Lee Mitchell,,,,,,,
Koji Kitao,,,,,,,
Paul Varelans,,,,,,,
Harold Howard,,,,,,,
Ron Stallings,,,,,,,
Danielle Taylor,,,,,,,
Frank Hamaker,,,,,,,
Thaddeus Luster,,,,,,,
Roger Hollett,,,,,,,
Reese Andy,,,,,,,
Rex Holman,,,,,,,
Ruan Potts,,,,,,,
CJ Hamilton,,,,,,,
Michael Kuiper,,,,,,,
Jason Ireland,,,,,,,
Landon Quinones,,,,,,,
Shin Haraguchi,,,,,,,
Zhu Kangjie,,,,,,,
JunYoung Hong,,,,,,,
Windri Patilima,,,,,,,
Mike Wessel,,,,,,,
Colin Robinson,,,,,,,
Sherman Pendergarst,,,,,,,
George Hardwick,,,,,,,
Abdul-Kareem Al-Selwady,,,,,,,
Brogan Walker,,,,,,,
Juliana Miller,,,,,,,
Bea Malecki,,,,,,,
Ben Sosoli,,,,,,,
Baru Harn,,,,,,,
Gerry Harris,,,,,,,
Mario Miranda,,,,,,,
John Salter,,,,,,,
Shavkat Rakhmonov,,,,,,,
Kayla Harrison,,,,,,,
Luke Hartwig,,,,,,,
Eric Magana,,,,,,,
Hidehiko Hasegawa,,,,,,,
Chris Haseman,,,,,,,
Takayo Hashi,,,,,,,
Tomohiko Hashimoto,,,,,,,
Justin Haskins,,,,,,,
Hayder Hassan,,,,,,,
Ryan Keenan,,,,,,,
Ahmad Hassanzada,,,,,,,
Dylan Mantello,,,,,,,
Daiki Hata,,,,,,,
Pascal Krauss,,,,,,,
Kris McCray,,,,,,,
Ikram Aliskerov,,,,,,,
Justin Hawes,,,,,,,
Justin Levens,,,,,,,
Chris Hawk,,,,,,,
Del Hawkins,,,,,,,
Mike Hayes,,,,,,,
Matt Kovacs,,,,,,,
Rory Singer,,,,,,,
Stevie Lynch,,,,,,,
Papy Abedi,,,,,,,
Eric Wisely,,,,,,,
Bryan Travers,,,,,,,
Anthony Torres,,,,,,,
Ryan Healy,,,,,,,
Spencer Hearns,,,,,,,
Chad Sutton,,,,,,,
Renato Sobral,,,,,,,
Victor Valimaki,,,,,,,
Cory Walmsley,,,,,,,
Chris Heatherly,,,,,,,
Augusto Montano,,,,,,,
Yusuke Kasuya,,,,,,,
Justin Sumter,,,,,,,
Delson Heleno,,,,,,,
Eric Smith,,,,,,,
Alex Serdyukov,,,,,,,
Cory Hendricks,,,,,,,
Jose Henrique,,,,,,,
Paulo Henrique,,,,,,,
Rashid Vagabov,,,,,,,
Clifford Starks,,,,,,,
David Loiseau,,,,,,,
Noe Hernandez,,,,,,,
Ramiro Hernandez,,,,,,,
Nohelin Hernandez,,,,,,,
HyunSung Park,,,,,,,
Leslie Hernandez,,,,,,,
Julieta Martinez,,,,,,,
Alvaro Herrera Mendoza,,,,,,,
Devin Powell,,,,,,,
Vernon Ramos Ho,,,,,,,
Brock Lesnar,,,,,,,
Hirotaka Yokoi,,,,,,,
Iouri Kotchkine,,,,,,,
Denis Sobolev,,,,,,,
Willie Peeters,,,,,,,
Jon Hess,,,,,,,
Andy Anderson,,,,,,,
Dylan Andrews,,,,,,,
Bristol Marunde,,,,,,,
Magno Almeida,,,,,,,
Scott McAfee,,,,,,,
Adam Lynn,,,,,,,
Ricky Turcios,,,,,,,
Anthony Lapsley,,,,,,,
Yuya Shirai,,,,,,,
Richie Hightower,,,,,,,
Troy Mandaloniz,,,,,,,
Joe Veres,,,,,,,
Alexander Trevino,,,,,,,
Iasmin Lucindo,,,,,,,
Ketlen Souza,,,,,,,
Jiri Prochazka,,,,,,,
Alexander Poppeck,,,,,,,
Kailan Hill,,,,,,,
Won Sik Park,,,,,,,
Motoki Miyazawa,,,,,,,
Matt Hobar,,,,,,,
Mark Robinson,,,,,,,
Chris Hofmann,,,,,,,
Jeff Newton,,,,,,,
Guilherme Uriel,,,,,,,
Will Santiago,,,,,,,
Pat Schilling,,,,,,,
Alen Amedovski,,,,,,,
Brandon Holmes,,,,,,,
Paddy Holohan,,,,,,,
Darrell Horcher,,,,,,,
Michael McBride,,,,,,,
Sabah Homasi,,,,,,,
John Kelly,,,,,,,
Trenell Young,,,,,,,
Barb Honchak,,,,,,,
Koyomi Matsushima,,,,,,,
SeongChan Hong,,,,,,,
Yuma Horiuchi,,,,,,,
Top Noi Kiwram,,,,,,,
Eugene Jackson,,,,,,,
Matt Horning,,,,,,,
Saeed Hosseini,,,,,,,
Jeff Hougland,,,,,,,
Donny Walker,,,,,,,
Roland Payne,,,,,,,
Brady Huang,,,,,,,
Max Rohskopf,,,,,,,
Casey Huffman,,,,,,,
Renato Verissimo,,,,,,,
Marcelo Aguiar,,,,,,,
Valeri Ignatov,,,,,,,
Mark Hughes,,,,,,,
Stephanie Luciano,,,,,,,
Eduardo Torres Caut,,,,,,,
David Hulett,,,,,,,
Bryan Humes,,,,,,,
Harry Hunsucker,,,,,,,
Sean McCorkle,,,,,,,
Harry Moskowitz,,,,,,,
In Su Hwang,,,,,,,
Paddy McCorry,,,,,,,
Danilo Marques,,,,,,,
Phil Johns,,,,,,,
Marius Zaromskis,,,,,,,
Mikhail Iloukhine,,,,,,,
Atsushi Yamamoto,,,,,,,
Michael Imperato,,,,,,,
Rui Imura,,,,,,,
Nghiem Van Y,,,,,,,
Richard Walsh,,,,,,,
Guto Inocente,,,,,,,
Virgil Zwicker,,,,,,,
Soichi Nishida,,,,,,,
Royce Alger,,,,,,,
Egan Inoue,,,,,,,
Minoru Toyonaga,,,,,,,
Takeshi Inoue,,,,,,,
Koichiro Matsumoto,,,,,,,
Naoki Inoue,,,,,,,
Carls John De Tomas,,,,,,,
Travis Johnson,,,,,,,
Issa Isakov,,,,,,,
Cristiano Marcello,,,,,,,
Jerome LeBanner,,,,,,,
Yuki Ishikawa,,,,,,,
Eiji Ishikawa,,,,,,,
Katsuyori Shibata,,,,,,,
Wallid Ismail,,,,,,,
Kuya Ito,,,,,,,
Tomomi Iwama,,,,,,,
Tatsuya Iwasaki,,,,,,,
Yoislandy Izquierdo,,,,,,,
Hiroshi Izumi,,,,,,,
Mike Seal,,,,,,,
Jorge Ortiz,,,,,,,
Mark Weir,,,,,,,
Keith Rockel,,,,,,,
Keiichiro Yamamiya,,,,,,,
Kamuela Kirk,,,,,,,
Jason Jackson,,,,,,,
Kyle Stewart,,,,,,,
Andre Soukhamthath,,,,,,,
Eric Jacob,,,,,,,
Richard Jacobi,,,,,,,
Gigo Jara,,,,,,,
Mike Whitehead,,,,,,,
Kerry Schall,,,,,,,
George Allen,,,,,,,
Philip Preece,,,,,,,
Brock Jardine,,,,,,,
Josh Jarvis,,,,,,,
Zhang Weili,,,,,,,
Brandon Jenkins,,,,,,,
Gabriel Santos,,,,,,,
Don Shainis,,,,,,,
Emiliano Linares,,,,,,,
Steve Steinbeiss,,,,,,,
Chan-Mi Jeon,,,,,,,
Maciej Jewtuszko,,,,,,,
Ronald Jhun,,,,,,,
Baergeng Jieleyisi,,,,,,,
Sebastian Szalay,,,,,,,
Tokitaka Nakanishi,,,,,,,
Li Yunfeng,,,,,,,
Shuya Kamikubo,,,,,,,
Jinensibieke Asikeerbai,,,,,,,
KyeungPyo Kim,,,,,,,
Billy Pasulatan,,,,,,,
Sung Bin Jo,,,,,,,
Felipe Lima,,,,,,,
Richie Santiago,,,,,,,
Tommy Speer,,,,,,,
Devin Johnson,,,,,,,
Ricky Johnson,,,,,,,
Tyler Toner,,,,,,,
Carl Seumanutafa,,,,,,,
Demetrious Johnson,,,,,,,
Norifumi Yamamoto,,,,,,,
Zhang Lipeng,,,,,,,
Dashon Johnson,,,,,,,
Adam Yandiev,,,,,,,
Taylor Johnson,,,,,,,
Chad Johnson,,,,,,,
Asu Almabayev,,,,,,,
Ramazan Temirov,,,,,,,
Azat Maksum,,,,,,,
Zhalgas Zhumagulov,,,,,,,
Darion Abbey,,,,,,,
Reza Nasri,,,,,,,
Paul Jones,,,,,,,
Flavio Luiz Moura,,,,,,,
Nathan Jones,,,,,,,
Marcus Jones,,,,,,,
Cyrillo Padilha,,,,,,,
Anthony Alves,,,,,,,
Tito Jones,,,,,,,
Roy Jones,,,,,,,
Derrick Mehmen,,,,,,,
Justin Jones,,,,,,,
Jamelle Jones,,,,,,,
Antonio Jones,,,,,,,
Saidyokub Kakhramonov,,,,,,,
Jacobi Jones,,,,,,,
Daniel Allen,,,,,,,
Jocelyn Jones-Lybarger,,,,,,,
Ray Sefo,,,,,,,
Jack May,,,,,,,
Josh Shockley,,,,,,,
John Albert,,,,,,,
Ken Stone,,,,,,,
Gareth Joseph,,,,,,,
Dwight Joseph,,,,,,,
Marcelo Rojo,,,,,,,
Jonathan Micallef,,,,,,,
Dustin Joynson,,,,,,,
Jesse Juarez,,,,,,,
Steve Judson,,,,,,,
Brad Kohler,,,,,,,
Daichi Abe,,,,,,,
Young Sam Jung,,,,,,,
Oumar Sy,,,,,,,
Scott Junk,,,,,,,
Chris Saunders,,,,,,,
Yoko Takahashi,,,,,,,
Patrick Kaase,,,,,,,
Jarrod Kwitty,,,,,,,
Kaiwen,,,,,,,
Keiichiro Nakamura,,,,,,,
DongHyun Seo,,,,,,,
Koya Kanda,,,,,,,
Lu Kai,,,,,,,
Sirwan Kakai,,,,,,,
Joel Sutton,,,,,,,
Bryson Kamaka,,,,,,,
Xiao Long,,,,,,,
Daichi Kamiya,,,,,,,
Sangwook Kim,,,,,,,
Crafton Wallace,,,,,,,
Edwin Aguilar,,,,,,,
Yibugele,,,,,,,
Bharat Kandare,,,,,,,
Andrei Semenov,,,,,,,
Takahiro Oba,,,,,,,
Shunichi Shimizu,,,,,,,
Tyson Nam,,,,,,,
Georgi Karakhanyan,,,,,,,
Josh Smith,,,,,,,
Olaf Alfonso,,,,,,,
Josh Rafferty,,,,,,,
Anthony Adams,,,,,,,
Jinnosuke Kashimura,,,,,,,
Tetsuji Kato,,,,,,,
Bekzat Almakhan,,,,,,,
Yusuke Kawaguchi,,,,,,,
Donald Sanchez,,,,,,,
Kazunori Yokota,,,,,,,
Melchor Manibusan,,,,,,,
Kim In Seok,,,,,,,
Ryo Kawamura,,,,,,,
Masuto Kawana,,,,,,,
Xie Bin,,,,,,,
YoungJae Song,,,,,,,
Elijah Smith,,,,,,,
Maimaitituoheti Keremuaili,,,,,,,
CJ Keith,,,,,,,
Ali AlQaisi,,,,,,,
TJ O'Brien,,,,,,,
Steve Montgomery,,,,,,,
Patrick Walsh,,,,,,,
Luke Zachrich,,,,,,,
Nick Thompson,,,,,,,
Steve Kennedy,,,,,,,
Waylon Kennell,,,,,,,
Pedro Otavio,,,,,,,
Greg Stott,,,,,,,
Josh McDonald,,,,,,,
Norman Parke,,,,,,,
Rostem Akman,,,,,,,
Jimmy Ambriz,,,,,,,
Cory Peterson,,,,,,,
Jason Suttie,,,,,,,
Alfred Khashakyan,,,,,,,
Sean O'Malley,,,,,,,
Aziz Khaydarov,,,,,,,
Mansher Khera,,,,,,,
Aliaskhab Khizriev,,,,,,,
Henrique Shiguemoto,,,,,,,
Tatsuya Saika,,,,,,,
Jeka Saragih,,,,,,,
Andre Amado,,,,,,,
Jean Francois Lenogue,,,,,,,
Jacob Kilburn,,,,,,,
Jong Won Kim,,,,,,,
Min Soo Kim,,,,,,,
Jong Man Kim,,,,,,,
John Adajar,,,,,,,
Kazuma Maruyama,,,,,,,
SangWon Kim,,,,,,,
Yizha,,,,,,,
KyuSung Kim,,,,,,,
Jeremy Kimball,,,,,,,
Rob Kimmons,,,,,,,
Joe Vedepo,,,,,,,
Rob Yundt,,,,,,,
Mike King,,,,,,,
Ricardo Romero,,,,,,,
Yurij Kiseliov,,,,,,,
Nick Klein,,,,,,,
Heraldo Souza,,,,,,,
Seth Kleinbeck,,,,,,,
Stefan Klever,,,,,,,
David Teymur,,,,,,,
Michael Knaap,,,,,,,
Kevin Knabjian,,,,,,,
Jim Alers,,,,,,,
Herdem Alacabek,,,,,,,
Josefine Knutsson,,,,,,,
Isis Verbeek,,,,,,,
YeDam Seo,,,,,,,
Shingo Kohara,,,,,,,
Jeremy Tavares,,,,,,,
Charlie Kohler,,,,,,,
Sherron Leggett,,,,,,,
Tim Lajcik,,,,,,,
Bas Rutten,,,,,,,
Kaloyan Kolev,,,,,,,
Andrei Kopylov,,,,,,,
Bruno Korea,,,,,,,
Chris Sanford,,,,,,,
Steven Koslow,,,,,,,
Cameron Saaiman,,,,,,,
Marcus Kowal,,,,,,,
Hugo Sandoval,,,,,,,
Derrick Krantz,,,,,,,
Valmir Lazaro,,,,,,,
Mike Stumpf,,,,,,,
Mark Scanlon,,,,,,,
Rene Kronvold,,,,,,,
Mariusz Ksiazkiewicz,,,,,,,
Mario Sousa,,,,,,,
Eliezer Kubanza,,,,,,,
Christopher Alvidrez,,,,,,,
Justin Salas,,,,,,,
Maiju Kujala,,,,,,,
Edivan Santos,,,,,,,
Korey Kuppe,,,,,,,
Ramazan Kuramagomedov,,,,,,,
Tsuyoshi Kurihara,,,,,,,
Wes Sims,,,,,,,
Lisa Kyriacou,,,,,,,
Yan Qihui,,,,,,,
Josh LaBerge,,,,,,,
Ben Lagman,,,,,,,
Rob MacDonald,,,,,,,
Jose Landi-Jons,,,,,,,
Jeremy Lang,,,,,,,
Rocky Lee,,,,,,,
TJ Laramie,,,,,,,
Daniel Swain,,,,,,,
Icho Larenas,,,,,,,
Tom Murphy,,,,,,,
Nick Rossborough,,,,,,,
Jesse Sanders,,,,,,,
Sione Latu,,,,,,,
Joey Roberts,,,,,,,
Phillip Latu,,,,,,,
Yao Zhikui,,,,,,,
Brandon Melendez,,,,,,,
Sandra Lavado,,,,,,,
Karolina Wojcik,,,,,,,
Yukiya Naito,,,,,,,
Fabio Silva,,,,,,,
Travis Wiuff,,,,,,,
Max Martyniouk,,,,,,,
Lance Lawrence,,,,,,,
Kenneth Seegrist,,,,,,,
Josh Neal,,,,,,,
Jimmy Lawson,,,,,,,
Zviad Lazishvili,,,,,,,
Brian Warren,,,,,,,
Mike Altman,,,,,,,
Thanh Le,,,,,,,
Lazar Stojadinovic,,,,,,,
Santiago Luna,,,,,,,
Victor Martinez,,,,,,,
Jason Thacker,,,,,,,
Brian Sleeman,,,,,,,
Mickael Lebout,,,,,,,
James Lee,,,,,,,
Jackie Lee,,,,,,,
Eun Soo Lee,,,,,,,
Tae Hyun Lee,,,,,,,
Tommy Lee,,,,,,,
Matt Lee,,,,,,,
Imani Lee,,,,,,,
Rana Rudra Pratap Singh,,,,,,,
Macksom Lee,,,,,,,
Hecher Sosa,,,,,,,
Ricky Legere Jr.,,,,,,,
Floyd Sword,,,,,,,
Jovan Leka,,,,,,,
Azamat Nuftillaev,,,,,,,
Stefan Leko,,,,,,,
Christophe Leninger,,,,,,,
Alberta Cerra Leon,,,,,,,
Michael Lerma,,,,,,,
Frank Lester,,,,,,,
Nick Osipczak,,,,,,,
Valerie Letourneau,,,,,,,
Viviane Pereira,,,,,,,
Jessica Rakoczy,,,,,,,
Leah Letson,,,,,,,
Marcus LeVesseur,,,,,,,
David Levicki,,,,,,,
Kyle Levinton,,,,,,,
Rex Richards,,,,,,,
Shaheen Santana,,,,,,,
John Lewis,,,,,,,
Lowell Anderson,,,,,,,
Tallison Teixeira,,,,,,,
Elias Urbina,,,,,,,
Brandon Lewis,,,,,,,
Mo Miller,,,,,,,
Malik Lewis,,,,,,,
Bobby Nash,,,,,,,
Anton Zafir,,,,,,,
Rodrigo Lidio,,,,,,,
Sam Liera,,,,,,,
Zach Light,,,,,,,
Chris Liguori,,,,,,,
Donnie Liles,,,,,,,
Takenori Sato,,,,,,,
Igor Severino,,,,,,,
Rickson Zenidim,,,,,,,
Fabio Nascimento,,,,,,,
David Terrell,,,,,,,
Alptekin Ozkilic,,,,,,,
Jose Maria,,,,,,,
Lucio Linhares,,,,,,,
Ravena Oliveira,,,,,,,
Jordan Radev,,,,,,,
Wesley Little,,,,,,,
Jacob Noe,,,,,,,
Christian Lohsen,,,,,,,
JJ Okanovich,,,,,,,
Gideon Ray,,,,,,,
Rocky Long,,,,,,,
Vinicius Magalhaes,,,,,,,
Scott Ventimiglia,,,,,,,
Mikheil Sazhiniani,,,,,,,
Arthur Lopes,,,,,,,
Steve Lopez,,,,,,,
Federico Lopez,,,,,,,
Alik Lorenz,,,,,,,
Brendan Loughnane,,,,,,,
Angel Pacheco,,,,,,,
Joe Lowry,,,,,,,
Nikolas Motta,,,,,,,
Angga,,,,,,,
Robert Lucarelli,,,,,,,
Orlando Wiet,,,,,,,
Matt Lucas,,,,,,,
Lawrence Lui,,,,,,,
Zhang Qinghe,,,,,,,
Paula Luna,,,,,,,
Alexandru Lungu,,,,,,,
Pawan Maan,,,,,,,
Kristian Rothaermel,,,,,,,
Valesca Machado,,,,,,,
Caio Machado,,,,,,,
Kevin Szaflarski,,,,,,,
Dimitiri Wanderley,,,,,,,
Kengo Watanabe,,,,,,,
War Machine,,,,,,,
Jared Rollins,,,,,,,
Ryan Madigan,,,,,,,
Victor Madrigal,,,,,,,
Vinicius Oliveira,,,,,,,
Jon Madsen,,,,,,,
Justin Wren,,,,,,,
Joe Pearson,,,,,,,
Thiago Perpetuo,,,,,,,
Caio Magalhaes,,,,,,,
Buddy Roberts,,,,,,,
Bernardo Magalhaes,,,,,,,
Brandon Magana,,,,,,,
Yaroslav Amosov,,,,,,,
Craig White,,,,,,,
Gasan Umalatov,,,,,,,
Jon Manley,,,,,,,
Raimond Magomedaliev,,,,,,,
Murtazali Magomedov,,,,,,,
Brahyam Zurcher,,,,,,,
Michelle Maher,,,,,,,
Jesus Pinedo,,,,,,,
Aliev Makhmud,,,,,,,
Duda Santana,,,,,,,
Nazareno Malegarie,,,,,,,
Chris Manuel,,,,,,,
Marcos Mariano,,,,,,,
Enrique Marin,,,,,,,
Cesar Marscucci,,,,,,,
Paulo Santos,,,,,,,
John Marsh,,,,,,,
Doug Marshall,,,,,,,
Jeff Terry,,,,,,,
David Marshall,,,,,,,
Mairon Santos,,,,,,,
Eric Martin,,,,,,,
Justin Martin,,,,,,,
Felipe Olivieri,,,,,,,
Michal Martinek,,,,,,,
Adrian Luna Martinetti,,,,,,,
Mark Vologdin,,,,,,,
Richie Vaculik,,,,,,,
Alonzo Martinez,,,,,,,
Drako Rodriguez,,,,,,,
Jacob Rosales,,,,,,,
Roque Martinez,,,,,,,
Viscardi Andrade,,,,,,,
Shoji Maruyama,,,,,,,
Takeshi Yamazaki,,,,,,,
Islem Masraf,,,,,,,
Artem Vakhitov,,,,,,,
Al Matavao,,,,,,,
Kazuki Okubo,,,,,,,
Jerrel Venetiaan,,,,,,,
Bob Schrijber,,,,,,,
Kasey Tanner,,,,,,,
Naoki Matsushita,,,,,,,
AJ Matthews,,,,,,,
Claudio Mattos,,,,,,,
John Matua,,,,,,,
Francesco Maturi,,,,,,,
Onassis Parungao,,,,,,,
Alex Schoenauer,,,,,,,
Ricardo Prasel,,,,,,,
Mitchell Sipe,,,,,,,
Lara Procopio,,,,,,,
Baisangur Susurkaev,,,,,,,
Danni McCormack,,,,,,,
Harris Sarmiento,,,,,,,
Robert McDaniel,,,,,,,
Gilbert Smith,,,,,,,
Alex Soto,,,,,,,
Patrick Murphy,,,,,,,
Marcio Alexandre Junior,,,,,,,
Ryan McGivern,,,,,,,
Jack McGlaughlin,,,,,,,
Axel Sola,,,,,,,
Aaron Wilkinson,,,,,,,
Jason McLean,,,,,,,
Kevin Roddy,,,,,,,
Raquel Pa'aluhi,,,,,,,
Tommy McMillen,,,,,,,
David Mgoyan,,,,,,,
Darrill Schoonover,,,,,,,
Daniel McWilliams,,,,,,,
Eddy Millis,,,,,,,
Ricky Rainey,,,,,,,
Hernani Perpetuo,,,,,,,
Jason Medina,,,,,,,
Frank Megallon,,,,,,,
Tyler Stinson,,,,,,,
Evangelista Santos,,,,,,,
Felipe Portela,,,,,,,
Gary Quan,,,,,,,
Marcelo Mello,,,,,,,
David Roberts,,,,,,,
Antonio Mendes,,,,,,,
Ashiek Ajim,,,,,,,
Askar Mozharov,,,,,,,
Steve Mensing,,,,,,,
Buck Meredith,,,,,,,
Joe Merritt,,,,,,,
Bia Mesquita,,,,,,,
Mohamed Ado,,,,,,,
Garett Whiteley,,,,,,,
Chris Mickle,,,,,,,
Kristof Midoux,,,,,,,
Keith Mielke,,,,,,,
Chris Mierzwiak,,,,,,,
Billy Miles,,,,,,,
Phillip Miller,,,,,,,
Tim Stout,,,,,,,
Lodune Sincaid,,,,,,,
Dave Phillips,,,,,,,
Andy Wang,,,,,,,
Jesse Moreng,,,,,,,
Mario Mingaj,,,,,,,
Wes Schultz,,,,,,,
Bob Sapp,,,,,,,
Errol Zimmerman,,,,,,,
Mike Polchlopek,,,,,,,
Ryuki Ueyama,,,,,,,
Kenichi Yamamoto,,,,,,,
Damir Mirenic,,,,,,,
Toby Misech,,,,,,,
Ricky Palacios,,,,,,,
Sai Wang,,,,,,,
Terrence Mitchell,,,,,,,
Roman Mitichyan,,,,,,,
Dorian Price,,,,,,,
Kyosuke Sasaki,,,,,,,
Jonathan Mix,,,,,,,
Jakub Wiklacz,,,,,,,
Rudyard Moncayo,,,,,,,
Patrick Smith,,,,,,,
Hidetaka Monma,,,,,,,
Nicco Montano,,,,,,,
Homer Moore,,,,,,,
Louis Taylor,,,,,,,
Taylor Moore,,,,,,,
Danny Sabatello,,,,,,,
Leonardo Morales,,,,,,,
Harvey Park,,,,,,,
Joe Moreira,,,,,,,
Yuri Vaulin,,,,,,,
Richardson Moreira,,,,,,,
Gisele Moreira,,,,,,,
Dayana Silva,,,,,,,
Ike Villanueva,,,,,,,
Mike Moreno,,,,,,,
Sergey Morozov,,,,,,,
Jack Morrison,,,,,,,
Juan Mott,,,,,,,
Janaina Silva,,,,,,,
Kelly Velasco,,,,,,,
James Mulheron,,,,,,,
Daria Zhelezniakova,,,,,,,
Klaudia Sygula,,,,,,,
Ananias Mulumba,,,,,,,
Marwan Rahiki,,,,,,,
Nick Newell,,,,,,,
Liudvik Sholinian,,,,,,,
Olivier Murad,,,,,,,
Ryuichi Murata,,,,,,,
Vince Murdock,,,,,,,
Samandar Murodov,,,,,,,
Jonathan Piersma,,,,,,,
Gian Siqueira,,,,,,,
Ian Murphy,,,,,,,
Jon Murphy,,,,,,,
Liliya Shakirova,,,,,,,
Joel Thomas,,,,,,,
Aaron Pico,,,,,,,
Lee Murray,,,,,,,
Matheus Scheffel,,,,,,,
Josias Musasa,,,,,,,
Colby Thicknesse,,,,,,,
Carlos Vera,,,,,,,
Otari Tanzilovi,,,,,,,
Tofiq Musayev,,,,,,,
Andre Mussi,,,,,,,
Max Mustaki,,,,,,,
Ho Bae Myeon,,,,,,,
Artur Oumakhanov,,,,,,,
Greg Nagy,,,,,,,
Kaan Ofli,,,,,,,
Rin Nakai,,,,,,,
Karl Amoussou,,,,,,,
Sultan Aliev,,,,,,,
Yusaku Nakamura,,,,,,,
Shohei Nose,,,,,,,
EoJin Park,,,,,,,
Mandel Nallo,,,,,,,
Samuel Silva,,,,,,,
Yasuhito Namekawa,,,,,,,
Egidijus Valavicius,,,,,,,
Nasrudin Nasrudinov,,,,,,,
Joao Zeferino,,,,,,,
Kurt Osiander,,,,,,,
Chase Waldon,,,,,,,
Saparbeg Safarov,,,,,,,
Shane Nelson,,,,,,,
Mario Neto,,,,,,,
Theo Rlayang,,,,,,,
Stewart Nicoll,,,,,,,
Jaimelene Nievera,,,,,,,
Derrick Noble,,,,,,,
Pedro Nobre,,,,,,,
Moise Rimbon,,,,,,,
Alexandre Franca Nogueira,,,,,,,
Eric Nolan,,,,,,,
Nick Nolte,,,,,,,
Andy Waters,,,,,,,
Jan Nortje,,,,,,,
Scott Norton,,,,,,,
Jonatas Novaes,,,,,,,
Christian Uflacker,,,,,,,
Jason Novelli,,,,,,,
Cat Zingano,,,,,,,
Diyar Nurgozhay,,,,,,,
Bartosz Szewczyk,,,,,,,
Mark Striegl,,,,,,,
Josh Shockman,,,,,,,
Matt Van Buren,,,,,,,
Loik Radzhabov,,,,,,,
Takayuki Okada,,,,,,,
Dylan Salvador,,,,,,,
Masakatsu Okuda,,,,,,,
Bruno Oliveira,,,,,,,
Jose Alday,,,,,,,
Benardo Sopaj,,,,,,,
Michael Oliveira,,,,,,,
Wendell Oliveira Marques,,,,,,,
Yukio Sakaguchi,,,,,,,
Chris Solomon,,,,,,,
Cameron Olson,,,,,,,
Jansey Silva,,,,,,,
Alan Omer,,,,,,,
Jason Young,,,,,,,
Chibwikem Onyenegecha,,,,,,,
Wes Albritton,,,,,,,
Hector Sandoval,,,,,,,
Justin Pennington,,,,,,,
Armando Villarreal,,,,,,,
Greg Soto,,,,,,,
Nissen Osterneck,,,,,,,
Tony Sylvester,,,,,,,
Ren Ozaki,,,,,,,
Luis Pajuelo,,,,,,,
Robbie Ring,,,,,,,
Tulio Palhares,,,,,,,
Adriano Santos,,,,,,,
Stephen Palling,,,,,,,
Joao Roque,,,,,,,
Eduardo Pamplona,,,,,,,
Ruel Panales,,,,,,,
Kiru Sahota,,,,,,,
Kathryn Paprocki,,,,,,,
Joe Pardo,,,,,,,
Ryan Parker,,,,,,,
Ido Pariente,,,,,,,
Shannon Ross,,,,,,,
Jeremia Siregar,,,,,,,
Larry Parker,,,,,,,
Tyra Parker,,,,,,,
Willie Parks,,,,,,,
Andreas Spang,,,,,,,
Jacobe Smith,,,,,,,
Jonny Parsons,,,,,,,
Solomon Renfro,,,,,,,
Jhonoven Pati,,,,,,,
Thomas Paull,,,,,,,
Filip Pejic,,,,,,,
Richie Smullen,,,,,,,
Nicdali Rivera-Calanoc,,,,,,,
Naho Sugiyuma,,,,,,,
Alice Pereira,,,,,,,
Montse Rendon,,,,,,,
Philip Perez,,,,,,,
Brandon Shuey,,,,,,,
Cristian Perez,,,,,,,
Manoel Sousa,,,,,,,
Tony Petarra,,,,,,,
Dino Pezao,,,,,,,
Mario Piazzon,,,,,,,
Alexander Soldatkin,,,,,,,
Tim Williams,,,,,,,
Gaetano Pirrello,,,,,,,
Callan Potter,,,,,,,
Patricia Alujas,,,,,,,
Junior Tafa,,,,,,,
Braxton Smith,,,,,,,
Lucasz Sudolski,,,,,,,
Shane Primm,,,,,,,
Tom Tuggle,,,,,,,
Juan Puerta,,,,,,,
Shang Zhifa,,,,,,,
David Velasquez,,,,,,,
Alfonso Alcarez,,,,,,,
Liam Anderson,,,,,,,
JJ Ambrose,,,,,,,
Aaron Wetherspoon,,,,,,,
Jimmy Quinlan,,,,,,,
Logan Urban,,,,,,,
Nick Serra,,,,,,,
Ian Rammel,,,,,,,
Brian Rogers,,,,,,,
Raou Raou,,,,,,,
Bertrand Amoussou,,,,,,,
David Rasouri,,,,,,,
Johnny Sampaio,,,,,,,
Leigh Remedios,,,,,,,
John Renken,,,,,,,
Herman Renting,,,,,,,
Javier Reyes,,,,,,,
Justice Torres,,,,,,,
Mike Rhodes,,,,,,,
Lucrezia Ria,,,,,,,
Marilia Santos,,,,,,,
Ivan Valenzuela,,,,,,,
Tom Aaron,,,,,,,
Greg Wilson,,,,,,,
Ray Seraille,,,,,,,
Dante Rivera,,,,,,,
Jeremiah Riggs,,,,,,,
Shannon Ritch,,,,,,,
Rodolfo Rubio Perez,,,,,,,
Juan Alcain,,,,,,,
Roman Zentsov,,,,,,,
Brok Weaver,,,,,,,
Shem Rock,,,,,,,
Nurullo Aliev,,,,,,,
Levi Rodrigues Jr.,,,,,,,
Manuel Rodriguez,,,,,,,
Victor Rodriguez,,,,,,,
Hilarie Rose,,,,,,,
Vinicius Salvador,,,,,,,
Bryan Vetell,,,,,,,
Rick Roufus,,,,,,,
Ray Routh,,,,,,,
Leon Shahbazyan,,,,,,,
Brad Royster,,,,,,,
Erick Wanderlei,,,,,,,
Casey Ryan,,,,,,,
Paul Song,,,,,,,
Joshua Wang-Kim,,,,,,,
Nolan Ticman,,,,,,,
Terrance Saeteurn,,,,,,,
Yin Shuai,,,,,,,
Mridul Saikia,,,,,,,
Kaushik Saikumar,,,,,,,
Louis Lee Scott,,,,,,,
Rubin Williams,,,,,,,
Kestutis Smirnovas,,,,,,,
Marcus Silveira,,,,,,,
Art Santore,,,,,,,
Manny Vazquez,,,,,,,
Martin Sano,,,,,,,
Jose Santibanez,,,,,,,
Reynaldo Trujillo,,,,,,,
Luis Santos,,,,,,,
Estefani Almeida,,,,,,,
JooSang Yoo,,,,,,,
Akihito Tanaka,,,,,,,
Tadao Yasuda,,,,,,,
Brandon Wolff,,,,,,,
Christien Savoie,,,,,,,
Daniel Schmitt,,,,,,,
Dustin West,,,,,,,
Bailey Schoenfelder,,,,,,,
Danylo Voievodkin,,,,,,,
Lacey Schuckman,,,,,,,
Jeri Sitzes,,,,,,,
Eric Schwartz,,,,,,,
Zachary Scroggin,,,,,,,
Rony Sefo,,,,,,,
Ryan Stonitsch,,,,,,,
Bentley Syler,,,,,,,
Jhonata Silva,,,,,,,
Scott Shaffer,,,,,,,
Zach Skinner,,,,,,,
Ray Steinbeiss,,,,,,,
Wade Shipp,,,,,,,
Jonathan Wiezorek,,,,,,,
Tsuyoshi Tamakairiki,,,,,,,
Landon Showalter,,,,,,,
George Stork,,,,,,,
Ronal Siahaan,,,,,,,
Israel Albuquerque,,,,,,,
Vitor Vianna,,,,,,,
Rubens Xavier,,,,,,,
Sidney Silva,,,,,,,
Cole Williams,,,,,,,
Leonardo Silva de Oliveira,,,,,,,
Ray Wizard,,,,,,,
Aaron Tau,,,,,,,
Devin Smyth,,,,,,,
James Wallace,,,,,,,
Emrah Sonmez,,,,,,,
Emiliano Sordi,,,,,,,
Craig Zellner,,,,,,,
Eric Steenberg,,,,,,,
Maia Stevenson,,,,,,,
Tuco Tokkos,,,,,,,
Denis Stojnic,,,,,,,
Gennaro Strangis,,,,,,,
Gerald Strebendt,,,,,,,
Kyle Sturgeon,,,,,,,
Daisuke Sugie,,,,,,,
Louie Sutherland,,,,,,,
Martin Svensson,,,,,,,
Kengo Ura,,,,,,,
Ernie Verdicia,,,,,,,
Rio Tirto,,,,,,,
Shawn Teed,,,,,,,
John Teixeira,,,,,,,
Taneisha Tennant,,,,,,,
Aleksandre Topuria,,,,,,,
Besam Yousef,,,,,,,
Kazuhisa Watanabe,,,,,,,
Masanori Tonooka,,,,,,,
Carl Toomey,,,,,,,
Haven Torres,,,,,,,
Aaron Trujillo,,,,,,,
Rico Altamirano,,,,,,,
Angelo Trevino,,,,,,,
Andy Uhrich,,,,,,,
Zach Underwood,,,,,,,
Hunter Worsham,,,,,,,
Patrik White,,,,,,,
Guilherme Vasconcelos,,,,,,,
Eric Wray,,,,,,,
Andre Walker,,,,,,,
Carlos Zevallos,,,,,,,
Josh Wick,,,,,,,
Wuziazibieke Jiahefu,,,,,,,
Kai Yoshida,,,,,,,
Tatsuya Ando,,,,,,,
Brett Albee,,,,,,,
